date_stamp,rhizome_number,Numbrer_of_internodes_in_rhizome,length_of_internode,SST,SSTA,irradiance,exposition_hours,date
730303,1,16,18,NaN,0.053025309,110.123,51,1999-07-02
730303,1,16,19,NaN,0.053025309,110.123,51,1999-07-02
730303,2,16,8,NaN,0.053025309,110.123,51,1999-07-02
730303,2,16,30,NaN,0.053025309,110.123,51,1999-07-02
730303,2,16,32,NaN,0.053025309,110.123,51,1999-07-02
730303,3,17,12,NaN,0.053025309,110.123,51,1999-07-02
730303,3,17,12,NaN,0.053025309,110.123,51,1999-07-02
730303,4,11,13,NaN,0.053025309,110.123,51,1999-07-02
730303,4,11,15,NaN,0.053025309,110.123,51,1999-07-02
730303,5,14,31,NaN,0.053025309,110.123,51,1999-07-02
730303,5,14,16,NaN,0.053025309,110.123,51,1999-07-02
730303,6,9,19,NaN,0.053025309,110.123,51,1999-07-02
730303,6,9,15,NaN,0.053025309,110.123,51,1999-07-02
730303,7,17,19,NaN,0.053025309,110.123,51,1999-07-02
730303,7,17,17,NaN,0.053025309,110.123,51,1999-07-02
730303,8,14,26,NaN,0.053025309,110.123,51,1999-07-02
730303,8,14,26,NaN,0.053025309,110.123,51,1999-07-02
730303,8,14,19,NaN,0.053025309,110.123,51,1999-07-02
730303,9,13,15,NaN,0.053025309,110.123,51,1999-07-02
730303,9,13,10,NaN,0.053025309,110.123,51,1999-07-02
730303,10,21,22,NaN,0.053025309,110.123,51,1999-07-02
730303,10,21,24,NaN,0.053025309,110.123,51,1999-07-02
730303,11,14,26,NaN,0.053025309,110.123,51,1999-07-02
730303,12,12,22,NaN,0.053025309,110.123,51,1999-07-02
730303,12,12,24,NaN,0.053025309,110.123,51,1999-07-02
730303,13,23,38,NaN,0.053025309,110.123,51,1999-07-02
730303,13,23,34,NaN,0.053025309,110.123,51,1999-07-02
730303,14,22,15,NaN,0.053025309,110.123,51,1999-07-02
730303,14,22,29,NaN,0.053025309,110.123,51,1999-07-02
730303,15,12,22,NaN,0.053025309,110.123,51,1999-07-02
730303,15,12,17,NaN,0.053025309,110.123,51,1999-07-02
730303,16,13,28,NaN,0.053025309,110.123,51,1999-07-02
730303,16,13,24,NaN,0.053025309,110.123,51,1999-07-02
730303,17,16,26,NaN,0.053025309,110.123,51,1999-07-02
730303,17,16,29,NaN,0.053025309,110.123,51,1999-07-02
730303,17,16,18,NaN,0.053025309,110.123,51,1999-07-02
730303,18,22,23,NaN,0.053025309,110.123,51,1999-07-02
730303,18,22,23,NaN,0.053025309,110.123,51,1999-07-02
730303,19,22,16,NaN,0.053025309,110.123,51,1999-07-02
730303,19,22,12,NaN,0.053025309,110.123,51,1999-07-02
730303,20,14,20,NaN,0.053025309,110.123,51,1999-07-02
730303,20,14,19,NaN,0.053025309,110.123,51,1999-07-02
730303,20,14,17,NaN,0.053025309,110.123,51,1999-07-02
730317,1,13,18,NaN,NaN,NaN,NaN,1999-07-16
730317,1,13,12,NaN,NaN,NaN,NaN,1999-07-16
730317,2,18,10,NaN,NaN,NaN,NaN,1999-07-16
730317,2,18,10,NaN,NaN,NaN,NaN,1999-07-16
730317,3,15,18,NaN,NaN,NaN,NaN,1999-07-16
730317,3,15,18,NaN,NaN,NaN,NaN,1999-07-16
730317,3,15,18,NaN,NaN,NaN,NaN,1999-07-16
730317,3,15,18,NaN,NaN,NaN,NaN,1999-07-16
730317,4,18,15,NaN,NaN,NaN,NaN,1999-07-16
730317,4,18,13,NaN,NaN,NaN,NaN,1999-07-16
730317,5,21,14,NaN,NaN,NaN,NaN,1999-07-16
730317,6,22,15,NaN,NaN,NaN,NaN,1999-07-16
730317,6,22,11,NaN,NaN,NaN,NaN,1999-07-16
730317,7,18,14,NaN,NaN,NaN,NaN,1999-07-16
730317,7,18,15,NaN,NaN,NaN,NaN,1999-07-16
730317,7,18,11,NaN,NaN,NaN,NaN,1999-07-16
730317,8,14,12,NaN,NaN,NaN,NaN,1999-07-16
730317,9,15,9,NaN,NaN,NaN,NaN,1999-07-16
730317,9,15,10,NaN,NaN,NaN,NaN,1999-07-16
730317,10,14,23,NaN,NaN,NaN,NaN,1999-07-16
730317,10,14,11,NaN,NaN,NaN,NaN,1999-07-16
730317,11,16,22,NaN,NaN,NaN,NaN,1999-07-16
730317,13,29,14,NaN,NaN,NaN,NaN,1999-07-16
730317,14,14,22,NaN,NaN,NaN,NaN,1999-07-16
730317,14,14,26,NaN,NaN,NaN,NaN,1999-07-16
730317,14,14,17,NaN,NaN,NaN,NaN,1999-07-16
730317,15,14,13,NaN,NaN,NaN,NaN,1999-07-16
730317,15,14,9,NaN,NaN,NaN,NaN,1999-07-16
730317,15,14,10,NaN,NaN,NaN,NaN,1999-07-16
730317,16,10,21,NaN,NaN,NaN,NaN,1999-07-16
730317,16,10,19,NaN,NaN,NaN,NaN,1999-07-16
730317,17,16,28,NaN,NaN,NaN,NaN,1999-07-16
730317,17,16,19,NaN,NaN,NaN,NaN,1999-07-16
730317,18,8,21,NaN,NaN,NaN,NaN,1999-07-16
730317,18,8,17,NaN,NaN,NaN,NaN,1999-07-16
730317,18,8,9,NaN,NaN,NaN,NaN,1999-07-16
730317,20,10,42,NaN,NaN,NaN,NaN,1999-07-16
730317,20,10,34,NaN,NaN,NaN,NaN,1999-07-16
730317,20,10,22,NaN,NaN,NaN,NaN,1999-07-16
730331,1,13,10,23,-0.021935908,111.007,51,1999-07-30
730331,2,22,14,23,-0.021935908,111.007,51,1999-07-30
730331,2,22,18,23,-0.021935908,111.007,51,1999-07-30
730331,3,12,13,23,-0.021935908,111.007,51,1999-07-30
730331,3,12,15,23,-0.021935908,111.007,51,1999-07-30
730331,4,17,28,23,-0.021935908,111.007,51,1999-07-30
730331,4,17,15,23,-0.021935908,111.007,51,1999-07-30
730331,4,17,18,23,-0.021935908,111.007,51,1999-07-30
730331,5,21,17,23,-0.021935908,111.007,51,1999-07-30
730331,5,21,17,23,-0.021935908,111.007,51,1999-07-30
730331,6,21,22,23,-0.021935908,111.007,51,1999-07-30
730331,7,19,9,23,-0.021935908,111.007,51,1999-07-30
730331,7,19,8,23,-0.021935908,111.007,51,1999-07-30
730331,8,28,22,23,-0.021935908,111.007,51,1999-07-30
730331,8,28,21,23,-0.021935908,111.007,51,1999-07-30
730331,9,19,20,23,-0.021935908,111.007,51,1999-07-30
730331,9,19,17,23,-0.021935908,111.007,51,1999-07-30
730331,10,13,21,23,-0.021935908,111.007,51,1999-07-30
730331,10,13,17,23,-0.021935908,111.007,51,1999-07-30
730331,10,13,16,23,-0.021935908,111.007,51,1999-07-30
730331,11,17,40,23,-0.021935908,111.007,51,1999-07-30
730331,11,17,30,23,-0.021935908,111.007,51,1999-07-30
730331,12,24,12,23,-0.021935908,111.007,51,1999-07-30
730331,13,12,7,23,-0.021935908,111.007,51,1999-07-30
730331,14,11,7,23,-0.021935908,111.007,51,1999-07-30
730331,15,9,9,23,-0.021935908,111.007,51,1999-07-30
730331,16,16,9,23,-0.021935908,111.007,51,1999-07-30
730331,16,16,8,23,-0.021935908,111.007,51,1999-07-30
730331,18,10,17,23,-0.021935908,111.007,51,1999-07-30
730331,18,10,8,23,-0.021935908,111.007,51,1999-07-30
730331,19,13,15,23,-0.021935908,111.007,51,1999-07-30
730331,19,13,12,23,-0.021935908,111.007,51,1999-07-30
730331,20,13,NaN,23,-0.021935908,111.007,51,1999-07-30
730331,20,13,NaN,23,-0.021935908,111.007,51,1999-07-30
730331,20,13,NaN,23,-0.021935908,111.007,51,1999-07-30
730345,1,20,19,21,-0.963796496,109.114,35,1999-08-13
730345,1,20,10,21,-0.963796496,109.114,35,1999-08-13
730345,2,12,21,21,-0.963796496,109.114,35,1999-08-13
730345,2,12,20,21,-0.963796496,109.114,35,1999-08-13
730345,3,11,15,21,-0.963796496,109.114,35,1999-08-13
730345,4,19,19,21,-0.963796496,109.114,35,1999-08-13
730345,6,21,10,21,-0.963796496,109.114,35,1999-08-13
730345,6,21,7,21,-0.963796496,109.114,35,1999-08-13
730345,8,27,8,21,-0.963796496,109.114,35,1999-08-13
730345,9,23,13,21,-0.963796496,109.114,35,1999-08-13
730345,9,23,15,21,-0.963796496,109.114,35,1999-08-13
730345,10,24,16,21,-0.963796496,109.114,35,1999-08-13
730345,10,24,15,21,-0.963796496,109.114,35,1999-08-13
730345,10,24,17,21,-0.963796496,109.114,35,1999-08-13
730345,11,27,17,21,-0.963796496,109.114,35,1999-08-13
730345,11,27,13,21,-0.963796496,109.114,35,1999-08-13
730345,12,16,22,21,-0.963796496,109.114,35,1999-08-13
730345,12,16,19,21,-0.963796496,109.114,35,1999-08-13
730345,12,16,20,21,-0.963796496,109.114,35,1999-08-13
730345,13,20,15,21,-0.963796496,109.114,35,1999-08-13
730345,13,20,13,21,-0.963796496,109.114,35,1999-08-13
730345,14,18,16,21,-0.963796496,109.114,35,1999-08-13
730345,15,18,17,21,-0.963796496,109.114,35,1999-08-13
730345,15,18,15,21,-0.963796496,109.114,35,1999-08-13
730345,16,21,12,21,-0.963796496,109.114,35,1999-08-13
730345,16,21,10,21,-0.963796496,109.114,35,1999-08-13
730345,18,14,24,21,-0.963796496,109.114,35,1999-08-13
730345,18,14,25,21,-0.963796496,109.114,35,1999-08-13
730345,19,17,28,21,-0.963796496,109.114,35,1999-08-13
730345,19,17,21,21,-0.963796496,109.114,35,1999-08-13
730345,20,20,15,21,-0.963796496,109.114,35,1999-08-13
730359,2,21,10,22,-1.002231479,100.43,35,1999-08-27
730359,2,21,12,22,-1.002231479,100.43,35,1999-08-27
730359,3,15,11,22,-1.002231479,100.43,35,1999-08-27
730359,4,14,12,22,-1.002231479,100.43,35,1999-08-27
730359,5,20,15,22,-1.002231479,100.43,35,1999-08-27
730359,6,31,20,22,-1.002231479,100.43,35,1999-08-27
730359,6,31,13,22,-1.002231479,100.43,35,1999-08-27
730359,7,11,17,22,-1.002231479,100.43,35,1999-08-27
730359,7,11,19,22,-1.002231479,100.43,35,1999-08-27
730359,7,11,15,22,-1.002231479,100.43,35,1999-08-27
730359,8,16,13,22,-1.002231479,100.43,35,1999-08-27
730359,9,19,17,22,-1.002231479,100.43,35,1999-08-27
730359,9,19,10,22,-1.002231479,100.43,35,1999-08-27
730359,10,30,17,22,-1.002231479,100.43,35,1999-08-27
730359,10,30,17,22,-1.002231479,100.43,35,1999-08-27
730359,10,30,16,22,-1.002231479,100.43,35,1999-08-27
730359,11,13,13,22,-1.002231479,100.43,35,1999-08-27
730359,12,24,15,22,-1.002231479,100.43,35,1999-08-27
730359,13,24,10,22,-1.002231479,100.43,35,1999-08-27
730359,13,24,11,22,-1.002231479,100.43,35,1999-08-27
730359,13,24,6,22,-1.002231479,100.43,35,1999-08-27
730359,15,15,10,22,-1.002231479,100.43,35,1999-08-27
730359,16,22,17,22,-1.002231479,100.43,35,1999-08-27
730359,16,22,12,22,-1.002231479,100.43,35,1999-08-27
730359,16,22,15,22,-1.002231479,100.43,35,1999-08-27
730359,17,19,18,22,-1.002231479,100.43,35,1999-08-27
730359,18,27,12,22,-1.002231479,100.43,35,1999-08-27
730359,18,27,10,22,-1.002231479,100.43,35,1999-08-27
730359,19,27,10,22,-1.002231479,100.43,35,1999-08-27
730359,20,19,14,22,-1.002231479,100.43,35,1999-08-27
730359,20,19,15,22,-1.002231479,100.43,35,1999-08-27
730374,1,18,13,24,-0.839198291,89.968,19,1999-09-11
730374,1,18,12,24,-0.839198291,89.968,19,1999-09-11
730374,2,13,15,24,-0.839198291,89.968,19,1999-09-11
730374,3,11,15,24,-0.839198291,89.968,19,1999-09-11
730374,3,11,15,24,-0.839198291,89.968,19,1999-09-11
730374,3,11,11,24,-0.839198291,89.968,19,1999-09-11
730374,4,17,25,24,-0.839198291,89.968,19,1999-09-11
730374,4,17,17,24,-0.839198291,89.968,19,1999-09-11
730374,4,17,17,24,-0.839198291,89.968,19,1999-09-11
730374,5,9,8,24,-0.839198291,89.968,19,1999-09-11
730374,6,13,15,24,-0.839198291,89.968,19,1999-09-11
730374,6,13,15,24,-0.839198291,89.968,19,1999-09-11
730374,6,13,14,24,-0.839198291,89.968,19,1999-09-11
730374,7,17,13,24,-0.839198291,89.968,19,1999-09-11
730374,8,11,15,24,-0.839198291,89.968,19,1999-09-11
730374,8,11,9,24,-0.839198291,89.968,19,1999-09-11
730374,9,15,15,24,-0.839198291,89.968,19,1999-09-11
730374,9,15,16,24,-0.839198291,89.968,19,1999-09-11
730374,12,12,13,24,-0.839198291,89.968,19,1999-09-11
730374,13,16,21,24,-0.839198291,89.968,19,1999-09-11
730374,13,16,24,24,-0.839198291,89.968,19,1999-09-11
730374,13,16,11,24,-0.839198291,89.968,19,1999-09-11
730374,14,17,23,24,-0.839198291,89.968,19,1999-09-11
730374,14,17,20,24,-0.839198291,89.968,19,1999-09-11
730374,14,17,19,24,-0.839198291,89.968,19,1999-09-11
730374,16,21,11,24,-0.839198291,89.968,19,1999-09-11
730374,17,15,14,24,-0.839198291,89.968,19,1999-09-11
730374,17,15,12,24,-0.839198291,89.968,19,1999-09-11
730374,18,13,14,24,-0.839198291,89.968,19,1999-09-11
730374,20,11,19,24,-0.839198291,89.968,19,1999-09-11
730374,20,11,18,24,-0.839198291,89.968,19,1999-09-11
730390,1,30,12,18,-1.077192783,60.27,19,1999-09-27
730390,1,30,12,18,-1.077192783,60.27,19,1999-09-27
730390,3,18,12,18,-1.077192783,60.27,19,1999-09-27
730390,3,18,7,18,-1.077192783,60.27,19,1999-09-27
730390,3,18,7,18,-1.077192783,60.27,19,1999-09-27
730390,4,19,5,18,-1.077192783,60.27,19,1999-09-27
730390,5,26,11,18,-1.077192783,60.27,19,1999-09-27
730390,5,26,5,18,-1.077192783,60.27,19,1999-09-27
730390,6,11,10,18,-1.077192783,60.27,19,1999-09-27
730390,7,10,9,18,-1.077192783,60.27,19,1999-09-27
730390,7,10,9,18,-1.077192783,60.27,19,1999-09-27
730390,8,18,10,18,-1.077192783,60.27,19,1999-09-27
730390,11,21,5,18,-1.077192783,60.27,19,1999-09-27
730390,12,21,5,18,-1.077192783,60.27,19,1999-09-27
730390,13,16,10,18,-1.077192783,60.27,19,1999-09-27
730390,13,16,10,18,-1.077192783,60.27,19,1999-09-27
730390,13,16,10,18,-1.077192783,60.27,19,1999-09-27
730404,1,16,22,NaN,-0.923644483,86.203,9,1999-10-11
730404,1,16,25,NaN,-0.923644483,86.203,9,1999-10-11
730404,1,16,18,NaN,-0.923644483,86.203,9,1999-10-11
730404,2,12,15,NaN,-0.923644483,86.203,9,1999-10-11
730404,3,16,9,NaN,-0.923644483,86.203,9,1999-10-11
730404,3,16,7,NaN,-0.923644483,86.203,9,1999-10-11
730404,4,9,20,NaN,-0.923644483,86.203,9,1999-10-11
730404,4,9,15,NaN,-0.923644483,86.203,9,1999-10-11
730404,5,11,18,NaN,-0.923644483,86.203,9,1999-10-11
730404,6,23,20,NaN,-0.923644483,86.203,9,1999-10-11
730404,6,23,10,NaN,-0.923644483,86.203,9,1999-10-11
730404,8,20,9,NaN,-0.923644483,86.203,9,1999-10-11
730404,8,20,14,NaN,-0.923644483,86.203,9,1999-10-11
730404,9,11,8,NaN,-0.923644483,86.203,9,1999-10-11
730404,11,25,21,NaN,-0.923644483,86.203,9,1999-10-11
730404,11,25,15,NaN,-0.923644483,86.203,9,1999-10-11
730404,12,24,14,NaN,-0.923644483,86.203,9,1999-10-11
730404,12,24,9,NaN,-0.923644483,86.203,9,1999-10-11
730404,13,33,6,NaN,-0.923644483,86.203,9,1999-10-11
730404,15,13,7,NaN,-0.923644483,86.203,9,1999-10-11
730404,16,23,12,NaN,-0.923644483,86.203,9,1999-10-11
730404,16,23,14,NaN,-0.923644483,86.203,9,1999-10-11
730404,17,14,6,NaN,-0.923644483,86.203,9,1999-10-11
730404,17,14,8,NaN,-0.923644483,86.203,9,1999-10-11
730404,18,17,9,NaN,-0.923644483,86.203,9,1999-10-11
730404,18,17,9,NaN,-0.923644483,86.203,9,1999-10-11
730404,18,17,9,NaN,-0.923644483,86.203,9,1999-10-11
730404,19,15,15,NaN,-0.923644483,86.203,9,1999-10-11
730404,20,14,10,NaN,-0.923644483,86.203,9,1999-10-11
730404,20,14,12,NaN,-0.923644483,86.203,9,1999-10-11
730418,1,24,21,23.8,-0.361473858,77.125,9,1999-10-25
730418,1,24,21,23.8,-0.361473858,77.125,9,1999-10-25
730418,1,24,23,23.8,-0.361473858,77.125,9,1999-10-25
730418,2,16,16,23.8,-0.361473858,77.125,9,1999-10-25
730418,2,16,12,23.8,-0.361473858,77.125,9,1999-10-25
730418,2,16,12,23.8,-0.361473858,77.125,9,1999-10-25
730418,3,19,13,23.8,-0.361473858,77.125,9,1999-10-25
730418,3,19,13,23.8,-0.361473858,77.125,9,1999-10-25
730418,4,24,19,23.8,-0.361473858,77.125,9,1999-10-25
730418,4,24,21,23.8,-0.361473858,77.125,9,1999-10-25
730418,4,24,13,23.8,-0.361473858,77.125,9,1999-10-25
730418,5,16,9,23.8,-0.361473858,77.125,9,1999-10-25
730418,5,16,5,23.8,-0.361473858,77.125,9,1999-10-25
730418,6,26,19,23.8,-0.361473858,77.125,9,1999-10-25
730418,6,26,15,23.8,-0.361473858,77.125,9,1999-10-25
730418,7,21,12,23.8,-0.361473858,77.125,9,1999-10-25
730418,7,21,15,23.8,-0.361473858,77.125,9,1999-10-25
730418,8,21,25,23.8,-0.361473858,77.125,9,1999-10-25
730418,8,21,16,23.8,-0.361473858,77.125,9,1999-10-25
730418,8,21,17,23.8,-0.361473858,77.125,9,1999-10-25
730418,9,24,18,23.8,-0.361473858,77.125,9,1999-10-25
730418,9,24,18,23.8,-0.361473858,77.125,9,1999-10-25
730418,9,24,15,23.8,-0.361473858,77.125,9,1999-10-25
730418,10,21,23,23.8,-0.361473858,77.125,9,1999-10-25
730418,10,21,20,23.8,-0.361473858,77.125,9,1999-10-25
730418,11,30,17,23.8,-0.361473858,77.125,9,1999-10-25
730418,11,30,17,23.8,-0.361473858,77.125,9,1999-10-25
730418,12,26,28,23.8,-0.361473858,77.125,9,1999-10-25
730418,12,26,25,23.8,-0.361473858,77.125,9,1999-10-25
730418,13,28,8,23.8,-0.361473858,77.125,9,1999-10-25
730418,13,28,8,23.8,-0.361473858,77.125,9,1999-10-25
730418,14,15,20,23.8,-0.361473858,77.125,9,1999-10-25
730418,14,15,20,23.8,-0.361473858,77.125,9,1999-10-25
730418,14,15,22,23.8,-0.361473858,77.125,9,1999-10-25
730418,15,27,9,23.8,-0.361473858,77.125,9,1999-10-25
730418,15,27,9,23.8,-0.361473858,77.125,9,1999-10-25
730418,15,27,9,23.8,-0.361473858,77.125,9,1999-10-25
730418,16,17,23,23.8,-0.361473858,77.125,9,1999-10-25
730418,17,24,6,23.8,-0.361473858,77.125,9,1999-10-25
730418,17,24,5,23.8,-0.361473858,77.125,9,1999-10-25
730418,18,17,9,23.8,-0.361473858,77.125,9,1999-10-25
730418,18,17,9,23.8,-0.361473858,77.125,9,1999-10-25
730418,19,24,13,23.8,-0.361473858,77.125,9,1999-10-25
730418,19,24,18,23.8,-0.361473858,77.125,9,1999-10-25
730418,20,19,12,23.8,-0.361473858,77.125,9,1999-10-25
730418,20,19,16,23.8,-0.361473858,77.125,9,1999-10-25
730418,20,19,13,23.8,-0.361473858,77.125,9,1999-10-25
730432,1,14,10,20,0.22248739,68.673,3,1999-11-08
730432,1,14,9,20,0.22248739,68.673,3,1999-11-08
730432,2,17,23,20,0.22248739,68.673,3,1999-11-08
730432,2,17,20,20,0.22248739,68.673,3,1999-11-08
730432,2,17,18,20,0.22248739,68.673,3,1999-11-08
730432,3,19,12,20,0.22248739,68.673,3,1999-11-08
730432,4,12,5,20,0.22248739,68.673,3,1999-11-08
730432,5,18,13,20,0.22248739,68.673,3,1999-11-08
730432,5,18,17,20,0.22248739,68.673,3,1999-11-08
730432,5,18,11,20,0.22248739,68.673,3,1999-11-08
730432,6,15,10,20,0.22248739,68.673,3,1999-11-08
730432,6,15,9,20,0.22248739,68.673,3,1999-11-08
730432,8,34,13,20,0.22248739,68.673,3,1999-11-08
730432,8,34,12,20,0.22248739,68.673,3,1999-11-08
730432,8,34,10,20,0.22248739,68.673,3,1999-11-08
730432,9,26,9,20,0.22248739,68.673,3,1999-11-08
730432,10,14,22,20,0.22248739,68.673,3,1999-11-08
730432,10,14,18,20,0.22248739,68.673,3,1999-11-08
730432,10,14,14,20,0.22248739,68.673,3,1999-11-08
730432,11,18,10,20,0.22248739,68.673,3,1999-11-08
730432,11,18,14,20,0.22248739,68.673,3,1999-11-08
730432,11,18,10,20,0.22248739,68.673,3,1999-11-08
730432,12,15,14,20,0.22248739,68.673,3,1999-11-08
730432,13,16,10,20,0.22248739,68.673,3,1999-11-08
730432,13,16,11,20,0.22248739,68.673,3,1999-11-08
730432,14,21,6,20,0.22248739,68.673,3,1999-11-08
730432,15,22,17,20,0.22248739,68.673,3,1999-11-08
730432,16,20,15,20,0.22248739,68.673,3,1999-11-08
730432,16,20,15,20,0.22248739,68.673,3,1999-11-08
730432,16,20,10,20,0.22248739,68.673,3,1999-11-08
730432,16,20,10,20,0.22248739,68.673,3,1999-11-08
730432,17,18,15,20,0.22248739,68.673,3,1999-11-08
730432,17,18,11,20,0.22248739,68.673,3,1999-11-08
730432,17,18,10,20,0.22248739,68.673,3,1999-11-08
730432,18,15,8,20,0.22248739,68.673,3,1999-11-08
730432,18,15,6,20,0.22248739,68.673,3,1999-11-08
730432,19,14,18,20,0.22248739,68.673,3,1999-11-08
730432,19,14,23,20,0.22248739,68.673,3,1999-11-08
730432,20,18,10,20,0.22248739,68.673,3,1999-11-08
730446,1,14,18,17,-0.037295915,59.064,3,1999-11-22
730446,1,14,19,17,-0.037295915,59.064,3,1999-11-22
730446,1,14,15,17,-0.037295915,59.064,3,1999-11-22
730446,1,14,10,17,-0.037295915,59.064,3,1999-11-22
730446,2,19,11,17,-0.037295915,59.064,3,1999-11-22
730446,2,19,8,17,-0.037295915,59.064,3,1999-11-22
730446,2,19,6,17,-0.037295915,59.064,3,1999-11-22
730446,3,31,16,17,-0.037295915,59.064,3,1999-11-22
730446,3,31,16,17,-0.037295915,59.064,3,1999-11-22
730446,3,31,11,17,-0.037295915,59.064,3,1999-11-22
730446,4,21,13,17,-0.037295915,59.064,3,1999-11-22
730446,4,21,11,17,-0.037295915,59.064,3,1999-11-22
730446,6,10,30,17,-0.037295915,59.064,3,1999-11-22
730446,6,10,30,17,-0.037295915,59.064,3,1999-11-22
730446,6,10,15,17,-0.037295915,59.064,3,1999-11-22
730446,7,9,22,17,-0.037295915,59.064,3,1999-11-22
730446,7,9,16,17,-0.037295915,59.064,3,1999-11-22
730446,7,9,14,17,-0.037295915,59.064,3,1999-11-22
730446,8,37,17,17,-0.037295915,59.064,3,1999-11-22
730446,8,37,12,17,-0.037295915,59.064,3,1999-11-22
730446,8,37,13,17,-0.037295915,59.064,3,1999-11-22
730446,8,37,11,17,-0.037295915,59.064,3,1999-11-22
730446,9,9,36,17,-0.037295915,59.064,3,1999-11-22
730446,9,9,34,17,-0.037295915,59.064,3,1999-11-22
730446,9,9,25,17,-0.037295915,59.064,3,1999-11-22
730446,9,9,22,17,-0.037295915,59.064,3,1999-11-22
730446,10,24,10,17,-0.037295915,59.064,3,1999-11-22
730446,10,24,7,17,-0.037295915,59.064,3,1999-11-22
730446,11,12,10,17,-0.037295915,59.064,3,1999-11-22
730446,11,12,8,17,-0.037295915,59.064,3,1999-11-22
730446,12,10,10,17,-0.037295915,59.064,3,1999-11-22
730446,13,16,11,17,-0.037295915,59.064,3,1999-11-22
730446,13,16,8,17,-0.037295915,59.064,3,1999-11-22
730446,14,31,5,17,-0.037295915,59.064,3,1999-11-22
730446,15,13,5,17,-0.037295915,59.064,3,1999-11-22
730446,16,11,35,17,-0.037295915,59.064,3,1999-11-22
730446,16,11,31,17,-0.037295915,59.064,3,1999-11-22
730446,16,11,31,17,-0.037295915,59.064,3,1999-11-22
730446,16,11,25,17,-0.037295915,59.064,3,1999-11-22
730446,17,18,7,17,-0.037295915,59.064,3,1999-11-22
730446,18,22,9,17,-0.037295915,59.064,3,1999-11-22
730446,18,22,5,17,-0.037295915,59.064,3,1999-11-22
730446,19,21,13,17,-0.037295915,59.064,3,1999-11-22
730446,19,21,10,17,-0.037295915,59.064,3,1999-11-22
730446,19,21,9,17,-0.037295915,59.064,3,1999-11-22
730446,20,23,15,17,-0.037295915,59.064,3,1999-11-22
730446,20,23,11,17,-0.037295915,59.064,3,1999-11-22
730446,20,23,10,17,-0.037295915,59.064,3,1999-11-22
730460,1,28,5,16,-0.424231201,56.375,0,1999-12-06
730460,1,28,4,16,-0.424231201,56.375,0,1999-12-06
730460,2,27,7,16,-0.424231201,56.375,0,1999-12-06
730460,2,27,6,16,-0.424231201,56.375,0,1999-12-06
730460,2,27,9,16,-0.424231201,56.375,0,1999-12-06
730460,2,27,6,16,-0.424231201,56.375,0,1999-12-06
730460,3,9,15,16,-0.424231201,56.375,0,1999-12-06
730460,4,22,10,16,-0.424231201,56.375,0,1999-12-06
730460,4,22,7,16,-0.424231201,56.375,0,1999-12-06
730460,4,22,7,16,-0.424231201,56.375,0,1999-12-06
730460,4,22,8,16,-0.424231201,56.375,0,1999-12-06
730460,5,12,7,16,-0.424231201,56.375,0,1999-12-06
730460,6,25,12,16,-0.424231201,56.375,0,1999-12-06
730460,6,25,10,16,-0.424231201,56.375,0,1999-12-06
730460,6,25,8,16,-0.424231201,56.375,0,1999-12-06
730460,6,25,8,16,-0.424231201,56.375,0,1999-12-06
730460,7,17,22,16,-0.424231201,56.375,0,1999-12-06
730460,7,17,25,16,-0.424231201,56.375,0,1999-12-06
730460,7,17,15,16,-0.424231201,56.375,0,1999-12-06
730460,8,16,18,16,-0.424231201,56.375,0,1999-12-06
730460,8,16,18,16,-0.424231201,56.375,0,1999-12-06
730460,9,25,10,16,-0.424231201,56.375,0,1999-12-06
730460,9,25,10,16,-0.424231201,56.375,0,1999-12-06
730460,9,25,7,16,-0.424231201,56.375,0,1999-12-06
730460,9,25,5,16,-0.424231201,56.375,0,1999-12-06
730460,9,25,5,16,-0.424231201,56.375,0,1999-12-06
730460,10,14,7,16,-0.424231201,56.375,0,1999-12-06
730460,10,14,5,16,-0.424231201,56.375,0,1999-12-06
730460,11,9,12,16,-0.424231201,56.375,0,1999-12-06
730460,11,9,15,16,-0.424231201,56.375,0,1999-12-06
730460,12,26,7,16,-0.424231201,56.375,0,1999-12-06
730460,12,26,6,16,-0.424231201,56.375,0,1999-12-06
730460,13,21,8,16,-0.424231201,56.375,0,1999-12-06
730460,13,21,6,16,-0.424231201,56.375,0,1999-12-06
730460,13,21,5,16,-0.424231201,56.375,0,1999-12-06
730460,14,32,5,16,-0.424231201,56.375,0,1999-12-06
730460,15,14,6,16,-0.424231201,56.375,0,1999-12-06
730460,15,14,5,16,-0.424231201,56.375,0,1999-12-06
730460,16,17,7,16,-0.424231201,56.375,0,1999-12-06
730460,16,17,5,16,-0.424231201,56.375,0,1999-12-06
730460,17,11,9,16,-0.424231201,56.375,0,1999-12-06
730460,18,19,7,16,-0.424231201,56.375,0,1999-12-06
730460,18,19,7,16,-0.424231201,56.375,0,1999-12-06
730460,19,11,8,16,-0.424231201,56.375,0,1999-12-06
730460,19,11,7,16,-0.424231201,56.375,0,1999-12-06
730460,20,9,NaN,16,-0.424231201,56.375,0,1999-12-06
730460,20,9,NaN,16,-0.424231201,56.375,0,1999-12-06
730474,1,25,6,17.5,-0.681455314,50.929,0,1999-12-20
730474,1,25,5,17.5,-0.681455314,50.929,0,1999-12-20
730474,2,22,6,17.5,-0.681455314,50.929,0,1999-12-20
730474,2,22,4,17.5,-0.681455314,50.929,0,1999-12-20
730474,3,13,5,17.5,-0.681455314,50.929,0,1999-12-20
730474,4,19,7,17.5,-0.681455314,50.929,0,1999-12-20
730474,5,10,13,17.5,-0.681455314,50.929,0,1999-12-20
730474,5,10,10,17.5,-0.681455314,50.929,0,1999-12-20
730474,6,12,7,17.5,-0.681455314,50.929,0,1999-12-20
730474,6,12,7,17.5,-0.681455314,50.929,0,1999-12-20
730474,7,20,12,17.5,-0.681455314,50.929,0,1999-12-20
730474,7,20,8,17.5,-0.681455314,50.929,0,1999-12-20
730474,7,20,8,17.5,-0.681455314,50.929,0,1999-12-20
730474,8,19,10,17.5,-0.681455314,50.929,0,1999-12-20
730474,8,19,12,17.5,-0.681455314,50.929,0,1999-12-20
730474,9,26,7,17.5,-0.681455314,50.929,0,1999-12-20
730474,9,26,5,17.5,-0.681455314,50.929,0,1999-12-20
730474,9,26,5,17.5,-0.681455314,50.929,0,1999-12-20
730474,10,12,13,17.5,-0.681455314,50.929,0,1999-12-20
730474,10,12,5,17.5,-0.681455314,50.929,0,1999-12-20
730474,10,12,9,17.5,-0.681455314,50.929,0,1999-12-20
730474,11,19,10,17.5,-0.681455314,50.929,0,1999-12-20
730474,12,9,7,17.5,-0.681455314,50.929,0,1999-12-20
730474,12,9,5,17.5,-0.681455314,50.929,0,1999-12-20
730474,13,21,10,17.5,-0.681455314,50.929,0,1999-12-20
730474,14,15,14,17.5,-0.681455314,50.929,0,1999-12-20
730474,14,15,15,17.5,-0.681455314,50.929,0,1999-12-20
730474,14,15,15,17.5,-0.681455314,50.929,0,1999-12-20
730474,15,15,10,17.5,-0.681455314,50.929,0,1999-12-20
730474,16,18,5,17.5,-0.681455314,50.929,0,1999-12-20
730474,16,18,7,17.5,-0.681455314,50.929,0,1999-12-20
730474,16,18,10,17.5,-0.681455314,50.929,0,1999-12-20
730474,17,12,10,17.5,-0.681455314,50.929,0,1999-12-20
730474,17,12,7,17.5,-0.681455314,50.929,0,1999-12-20
730474,17,12,5,17.5,-0.681455314,50.929,0,1999-12-20
730474,19,18,5,17.5,-0.681455314,50.929,0,1999-12-20
730474,19,18,5,17.5,-0.681455314,50.929,0,1999-12-20
730474,20,23,5,17.5,-0.681455314,50.929,0,1999-12-20
730489,1,21,13,15.5,-0.717787385,51.307,0,2000-01-04
730489,2,16,7,15.5,-0.717787385,51.307,0,2000-01-04
730489,2,16,10,15.5,-0.717787385,51.307,0,2000-01-04
730489,3,19,10,15.5,-0.717787385,51.307,0,2000-01-04
730489,4,14,13,15.5,-0.717787385,51.307,0,2000-01-04
730489,6,13,10,15.5,-0.717787385,51.307,0,2000-01-04
730489,7,12,10,15.5,-0.717787385,51.307,0,2000-01-04
730489,8,17,7,15.5,-0.717787385,51.307,0,2000-01-04
730489,8,17,10,15.5,-0.717787385,51.307,0,2000-01-04
730489,8,17,10,15.5,-0.717787385,51.307,0,2000-01-04
730489,9,17,20,15.5,-0.717787385,51.307,0,2000-01-04
730489,10,19,15,15.5,-0.717787385,51.307,0,2000-01-04
730489,10,19,20,15.5,-0.717787385,51.307,0,2000-01-04
730489,10,19,15,15.5,-0.717787385,51.307,0,2000-01-04
730489,11,16,10,15.5,-0.717787385,51.307,0,2000-01-04
730489,11,16,12,15.5,-0.717787385,51.307,0,2000-01-04
730489,12,22,10,15.5,-0.717787385,51.307,0,2000-01-04
730489,14,18,17,15.5,-0.717787385,51.307,0,2000-01-04
730489,14,18,15,15.5,-0.717787385,51.307,0,2000-01-04
730489,14,18,13,15.5,-0.717787385,51.307,0,2000-01-04
730489,15,18,10,15.5,-0.717787385,51.307,0,2000-01-04
730489,15,18,10,15.5,-0.717787385,51.307,0,2000-01-04
730489,15,18,27,15.5,-0.717787385,51.307,0,2000-01-04
730489,16,13,12,15.5,-0.717787385,51.307,0,2000-01-04
730489,16,13,5,15.5,-0.717787385,51.307,0,2000-01-04
730489,17,23,15,15.5,-0.717787385,51.307,0,2000-01-04
730489,17,23,15,15.5,-0.717787385,51.307,0,2000-01-04
730489,17,23,20,15.5,-0.717787385,51.307,0,2000-01-04
730489,18,14,10,15.5,-0.717787385,51.307,0,2000-01-04
730489,19,27,5,15.5,-0.717787385,51.307,0,2000-01-04
730489,20,16,10,15.5,-0.717787385,51.307,0,2000-01-04
730502,1,21,23,16.5,-0.5407511,52.918,0,2000-01-17
730502,1,21,20,16.5,-0.5407511,52.918,0,2000-01-17
730502,2,25,27,16.5,-0.5407511,52.918,0,2000-01-17
730502,2,25,13,16.5,-0.5407511,52.918,0,2000-01-17
730502,3,12,10,16.5,-0.5407511,52.918,0,2000-01-17
730502,3,12,8,16.5,-0.5407511,52.918,0,2000-01-17
730502,4,14,25,16.5,-0.5407511,52.918,0,2000-01-17
730502,4,14,25,16.5,-0.5407511,52.918,0,2000-01-17
730502,5,14,12,16.5,-0.5407511,52.918,0,2000-01-17
730502,5,14,8,16.5,-0.5407511,52.918,0,2000-01-17
730502,6,23,8,16.5,-0.5407511,52.918,0,2000-01-17
730502,6,23,9,16.5,-0.5407511,52.918,0,2000-01-17
730502,7,28,23,16.5,-0.5407511,52.918,0,2000-01-17
730502,7,28,25,16.5,-0.5407511,52.918,0,2000-01-17
730502,7,28,28,16.5,-0.5407511,52.918,0,2000-01-17
730502,8,23,13,16.5,-0.5407511,52.918,0,2000-01-17
730502,9,24,9,16.5,-0.5407511,52.918,0,2000-01-17
730502,10,26,18,16.5,-0.5407511,52.918,0,2000-01-17
730502,10,26,20,16.5,-0.5407511,52.918,0,2000-01-17
730502,11,22,23,16.5,-0.5407511,52.918,0,2000-01-17
730502,11,22,14,16.5,-0.5407511,52.918,0,2000-01-17
730502,12,24,20,16.5,-0.5407511,52.918,0,2000-01-17
730502,12,24,10,16.5,-0.5407511,52.918,0,2000-01-17
730502,13,22,24,16.5,-0.5407511,52.918,0,2000-01-17
730502,13,22,15,16.5,-0.5407511,52.918,0,2000-01-17
730502,15,13,13,16.5,-0.5407511,52.918,0,2000-01-17
730502,15,13,13,16.5,-0.5407511,52.918,0,2000-01-17
730502,16,20,15,16.5,-0.5407511,52.918,0,2000-01-17
730502,18,11,19,16.5,-0.5407511,52.918,0,2000-01-17
730502,18,11,15,16.5,-0.5407511,52.918,0,2000-01-17
730502,20,25,20,16.5,-0.5407511,52.918,0,2000-01-17
730517,1,22,8,20,0.049332429,50.441,0,2000-02-01
730517,1,22,5,20,0.049332429,50.441,0,2000-02-01
730517,2,23,20,20,0.049332429,50.441,0,2000-02-01
730517,2,23,15,20,0.049332429,50.441,0,2000-02-01
730517,2,23,7,20,0.049332429,50.441,0,2000-02-01
730517,3,13,10,20,0.049332429,50.441,0,2000-02-01
730517,3,13,8,20,0.049332429,50.441,0,2000-02-01
730517,3,13,8,20,0.049332429,50.441,0,2000-02-01
730517,4,22,16,20,0.049332429,50.441,0,2000-02-01
730517,4,22,16,20,0.049332429,50.441,0,2000-02-01
730517,5,25,10,20,0.049332429,50.441,0,2000-02-01
730517,5,25,12,20,0.049332429,50.441,0,2000-02-01
730517,7,23,10,20,0.049332429,50.441,0,2000-02-01
730517,7,23,5,20,0.049332429,50.441,0,2000-02-01
730517,8,21,14,20,0.049332429,50.441,0,2000-02-01
730517,8,21,18,20,0.049332429,50.441,0,2000-02-01
730517,8,21,15,20,0.049332429,50.441,0,2000-02-01
730517,9,16,14,20,0.049332429,50.441,0,2000-02-01
730517,9,16,10,20,0.049332429,50.441,0,2000-02-01
730517,9,16,10,20,0.049332429,50.441,0,2000-02-01
730517,10,15,11,20,0.049332429,50.441,0,2000-02-01
730517,11,16,25,20,0.049332429,50.441,0,2000-02-01
730517,11,16,30,20,0.049332429,50.441,0,2000-02-01
730517,11,16,14,20,0.049332429,50.441,0,2000-02-01
730517,12,19,13,20,0.049332429,50.441,0,2000-02-01
730517,12,19,15,20,0.049332429,50.441,0,2000-02-01
730517,13,5,15,20,0.049332429,50.441,0,2000-02-01
730517,13,5,20,20,0.049332429,50.441,0,2000-02-01
730517,14,19,8,20,0.049332429,50.441,0,2000-02-01
730517,14,19,12,20,0.049332429,50.441,0,2000-02-01
730517,15,21,10,20,0.049332429,50.441,0,2000-02-01
730517,15,21,6,20,0.049332429,50.441,0,2000-02-01
730517,16,17,9,20,0.049332429,50.441,0,2000-02-01
730517,16,17,9,20,0.049332429,50.441,0,2000-02-01
730517,16,17,12,20,0.049332429,50.441,0,2000-02-01
730517,17,16,10,20,0.049332429,50.441,0,2000-02-01
730517,17,16,8,20,0.049332429,50.441,0,2000-02-01
730517,18,23,7,20,0.049332429,50.441,0,2000-02-01
730517,19,31,15,20,0.049332429,50.441,0,2000-02-01
730517,19,31,10,20,0.049332429,50.441,0,2000-02-01
730517,20,15,25,20,0.049332429,50.441,0,2000-02-01
730517,20,15,21,20,0.049332429,50.441,0,2000-02-01
730517,20,15,25,20,0.049332429,50.441,0,2000-02-01
730517,20,15,15,20,0.049332429,50.441,0,2000-02-01
730532,1,16,10,20.5,-0.04433085,58.843,0,2000-02-16
730532,1,16,10,20.5,-0.04433085,58.843,0,2000-02-16
730532,2,15,23,20.5,-0.04433085,58.843,0,2000-02-16
730532,2,15,25,20.5,-0.04433085,58.843,0,2000-02-16
730532,3,17,8,20.5,-0.04433085,58.843,0,2000-02-16
730532,3,17,10,20.5,-0.04433085,58.843,0,2000-02-16
730532,3,17,14,20.5,-0.04433085,58.843,0,2000-02-16
730532,4,19,10,20.5,-0.04433085,58.843,0,2000-02-16
730532,4,19,8,20.5,-0.04433085,58.843,0,2000-02-16
730532,4,19,10,20.5,-0.04433085,58.843,0,2000-02-16
730532,5,7,9,20.5,-0.04433085,58.843,0,2000-02-16
730532,8,16,15,20.5,-0.04433085,58.843,0,2000-02-16
730532,8,16,17,20.5,-0.04433085,58.843,0,2000-02-16
730532,8,16,9,20.5,-0.04433085,58.843,0,2000-02-16
730532,8,16,9,20.5,-0.04433085,58.843,0,2000-02-16
730532,9,20,10,20.5,-0.04433085,58.843,0,2000-02-16
730532,9,20,7,20.5,-0.04433085,58.843,0,2000-02-16
730532,10,16,24,20.5,-0.04433085,58.843,0,2000-02-16
730532,10,16,18,20.5,-0.04433085,58.843,0,2000-02-16
730532,11,31,13,20.5,-0.04433085,58.843,0,2000-02-16
730532,11,31,10,20.5,-0.04433085,58.843,0,2000-02-16
730532,11,31,10,20.5,-0.04433085,58.843,0,2000-02-16
730532,11,31,9,20.5,-0.04433085,58.843,0,2000-02-16
730532,12,21,12,20.5,-0.04433085,58.843,0,2000-02-16
730532,12,21,10,20.5,-0.04433085,58.843,0,2000-02-16
730532,13,6,15,20.5,-0.04433085,58.843,0,2000-02-16
730532,14,19,13,20.5,-0.04433085,58.843,0,2000-02-16
730532,16,8,10,20.5,-0.04433085,58.843,0,2000-02-16
730532,16,8,8,20.5,-0.04433085,58.843,0,2000-02-16
730532,18,30,12,20.5,-0.04433085,58.843,0,2000-02-16
730532,20,19,15,20.5,-0.04433085,58.843,0,2000-02-16
730532,20,19,15,20.5,-0.04433085,58.843,0,2000-02-16
730532,20,19,15,20.5,-0.04433085,58.843,0,2000-02-16
730547,3,11,18,NaN,-0.194509447,65.691,4,2000-03-02
730547,4,23,9,NaN,-0.194509447,65.691,4,2000-03-02
730547,5,8,9,NaN,-0.194509447,65.691,4,2000-03-02
730547,5,8,12,NaN,-0.194509447,65.691,4,2000-03-02
730547,6,23,9,NaN,-0.194509447,65.691,4,2000-03-02
730547,6,23,10,NaN,-0.194509447,65.691,4,2000-03-02
730547,7,5,8,NaN,-0.194509447,65.691,4,2000-03-02
730547,7,5,12,NaN,-0.194509447,65.691,4,2000-03-02
730547,7,5,12,NaN,-0.194509447,65.691,4,2000-03-02
730547,8,20,17,NaN,-0.194509447,65.691,4,2000-03-02
730547,8,20,12,NaN,-0.194509447,65.691,4,2000-03-02
730547,10,24,14,NaN,-0.194509447,65.691,4,2000-03-02
730547,10,24,8,NaN,-0.194509447,65.691,4,2000-03-02
730547,10,24,10,NaN,-0.194509447,65.691,4,2000-03-02
730547,10,24,10,NaN,-0.194509447,65.691,4,2000-03-02
730547,11,18,12,NaN,-0.194509447,65.691,4,2000-03-02
730547,11,18,7,NaN,-0.194509447,65.691,4,2000-03-02
730547,11,18,12,NaN,-0.194509447,65.691,4,2000-03-02
730547,13,14,15,NaN,-0.194509447,65.691,4,2000-03-02
730547,15,27,10,NaN,-0.194509447,65.691,4,2000-03-02
730547,16,10,11,NaN,-0.194509447,65.691,4,2000-03-02
730547,16,10,15,NaN,-0.194509447,65.691,4,2000-03-02
730547,17,11,17,NaN,-0.194509447,65.691,4,2000-03-02
730547,17,11,20,NaN,-0.194509447,65.691,4,2000-03-02
730547,17,11,13,NaN,-0.194509447,65.691,4,2000-03-02
730547,19,9,20,NaN,-0.194509447,65.691,4,2000-03-02
730547,19,9,22,NaN,-0.194509447,65.691,4,2000-03-02
730547,19,9,24,NaN,-0.194509447,65.691,4,2000-03-02
730547,19,9,17,NaN,-0.194509447,65.691,4,2000-03-02
730547,20,9,18,NaN,-0.194509447,65.691,4,2000-03-02
730561,1,11,9,18.5,-0.358999878,69.985,4,2000-03-16
730561,1,11,9,18.5,-0.358999878,69.985,4,2000-03-16
730561,2,7,7,18.5,-0.358999878,69.985,4,2000-03-16
730561,2,7,9,18.5,-0.358999878,69.985,4,2000-03-16
730561,2,7,15,18.5,-0.358999878,69.985,4,2000-03-16
730561,3,6,25,18.5,-0.358999878,69.985,4,2000-03-16
730561,3,6,29,18.5,-0.358999878,69.985,4,2000-03-16
730561,3,6,23,18.5,-0.358999878,69.985,4,2000-03-16
730561,4,10,19,18.5,-0.358999878,69.985,4,2000-03-16
730561,4,10,15,18.5,-0.358999878,69.985,4,2000-03-16
730561,5,13,6,18.5,-0.358999878,69.985,4,2000-03-16
730561,6,19,10,18.5,-0.358999878,69.985,4,2000-03-16
730561,6,19,9,18.5,-0.358999878,69.985,4,2000-03-16
730561,7,19,24,18.5,-0.358999878,69.985,4,2000-03-16
730561,7,19,28,18.5,-0.358999878,69.985,4,2000-03-16
730561,7,19,25,18.5,-0.358999878,69.985,4,2000-03-16
730561,7,19,11,18.5,-0.358999878,69.985,4,2000-03-16
730561,8,9,26,18.5,-0.358999878,69.985,4,2000-03-16
730561,8,9,25,18.5,-0.358999878,69.985,4,2000-03-16
730561,8,9,23,18.5,-0.358999878,69.985,4,2000-03-16
730561,9,12,15,18.5,-0.358999878,69.985,4,2000-03-16
730561,9,12,27,18.5,-0.358999878,69.985,4,2000-03-16
730561,10,11,25,18.5,-0.358999878,69.985,4,2000-03-16
730561,10,11,25,18.5,-0.358999878,69.985,4,2000-03-16
730561,10,11,24,18.5,-0.358999878,69.985,4,2000-03-16
730561,10,11,26,18.5,-0.358999878,69.985,4,2000-03-16
730561,11,10,19,18.5,-0.358999878,69.985,4,2000-03-16
730561,11,10,10,18.5,-0.358999878,69.985,4,2000-03-16
730561,11,10,18,18.5,-0.358999878,69.985,4,2000-03-16
730561,13,5,10,18.5,-0.358999878,69.985,4,2000-03-16
730561,13,5,10,18.5,-0.358999878,69.985,4,2000-03-16
730561,14,19,15,18.5,-0.358999878,69.985,4,2000-03-16
730561,14,19,23,18.5,-0.358999878,69.985,4,2000-03-16
730561,14,19,11,18.5,-0.358999878,69.985,4,2000-03-16
730561,15,11,20,18.5,-0.358999878,69.985,4,2000-03-16
730561,15,11,23,18.5,-0.358999878,69.985,4,2000-03-16
730561,15,11,20,18.5,-0.358999878,69.985,4,2000-03-16
730561,15,11,13,18.5,-0.358999878,69.985,4,2000-03-16
730561,16,9,17,18.5,-0.358999878,69.985,4,2000-03-16
730561,17,23,15,18.5,-0.358999878,69.985,4,2000-03-16
730561,18,30,30,18.5,-0.358999878,69.985,4,2000-03-16
730561,18,30,19,18.5,-0.358999878,69.985,4,2000-03-16
730561,18,30,25,18.5,-0.358999878,69.985,4,2000-03-16
730561,19,17,10,18.5,-0.358999878,69.985,4,2000-03-16
730561,19,17,10,18.5,-0.358999878,69.985,4,2000-03-16
730561,20,24,20,18.5,-0.358999878,69.985,4,2000-03-16
730575,2,13,19,22,-0.18990548,82.067,4,2000-03-30
730575,2,13,18,22,-0.18990548,82.067,4,2000-03-30
730575,3,25,21,22,-0.18990548,82.067,4,2000-03-30
730575,3,25,25,22,-0.18990548,82.067,4,2000-03-30
730575,3,25,20,22,-0.18990548,82.067,4,2000-03-30
730575,4,9,105,22,-0.18990548,82.067,4,2000-03-30
730575,5,32,79,22,-0.18990548,82.067,4,2000-03-30
730575,6,7,35,22,-0.18990548,82.067,4,2000-03-30
730575,6,7,27,22,-0.18990548,82.067,4,2000-03-30
730575,6,7,67,22,-0.18990548,82.067,4,2000-03-30
730575,7,9,12,22,-0.18990548,82.067,4,2000-03-30
730575,7,9,21,22,-0.18990548,82.067,4,2000-03-30
730575,7,9,20,22,-0.18990548,82.067,4,2000-03-30
730575,8,14,37,22,-0.18990548,82.067,4,2000-03-30
730575,9,31,9,22,-0.18990548,82.067,4,2000-03-30
730575,9,31,9,22,-0.18990548,82.067,4,2000-03-30
730575,10,14,20,22,-0.18990548,82.067,4,2000-03-30
730575,10,14,18,22,-0.18990548,82.067,4,2000-03-30
730575,10,14,18,22,-0.18990548,82.067,4,2000-03-30
730575,11,15,35,22,-0.18990548,82.067,4,2000-03-30
730575,11,15,35,22,-0.18990548,82.067,4,2000-03-30
730575,11,15,30,22,-0.18990548,82.067,4,2000-03-30
730575,11,15,35,22,-0.18990548,82.067,4,2000-03-30
730575,13,17,12,22,-0.18990548,82.067,4,2000-03-30
730575,13,17,15,22,-0.18990548,82.067,4,2000-03-30
730575,13,17,10,22,-0.18990548,82.067,4,2000-03-30
730575,14,19,20,22,-0.18990548,82.067,4,2000-03-30
730575,14,19,18,22,-0.18990548,82.067,4,2000-03-30
730575,16,9,25,22,-0.18990548,82.067,4,2000-03-30
730575,16,9,27,22,-0.18990548,82.067,4,2000-03-30
730575,16,9,35,22,-0.18990548,82.067,4,2000-03-30
730575,16,9,30,22,-0.18990548,82.067,4,2000-03-30
730575,18,7,15,22,-0.18990548,82.067,4,2000-03-30
730575,18,7,18,22,-0.18990548,82.067,4,2000-03-30
730575,18,7,25,22,-0.18990548,82.067,4,2000-03-30
730575,18,7,25,22,-0.18990548,82.067,4,2000-03-30
730575,18,7,17,22,-0.18990548,82.067,4,2000-03-30
730575,19,17,10,22,-0.18990548,82.067,4,2000-03-30
730575,19,17,15,22,-0.18990548,82.067,4,2000-03-30
730589,3,12,10,23,0.508175731,102.714,35,2000-04-13
730589,4,9,30,23,0.508175731,102.714,35,2000-04-13
730589,4,9,25,23,0.508175731,102.714,35,2000-04-13
730589,4,9,25,23,0.508175731,102.714,35,2000-04-13
730589,4,9,22,23,0.508175731,102.714,35,2000-04-13
730589,7,11,15,23,0.508175731,102.714,35,2000-04-13
730589,7,11,20,23,0.508175731,102.714,35,2000-04-13
730589,7,11,18,23,0.508175731,102.714,35,2000-04-13
730589,7,11,20,23,0.508175731,102.714,35,2000-04-13
730589,8,19,12,23,0.508175731,102.714,35,2000-04-13
730589,8,19,8,23,0.508175731,102.714,35,2000-04-13
730589,10,27,10,23,0.508175731,102.714,35,2000-04-13
730589,10,27,10,23,0.508175731,102.714,35,2000-04-13
730589,12,17,30,23,0.508175731,102.714,35,2000-04-13
730589,12,17,13,23,0.508175731,102.714,35,2000-04-13
730589,12,17,28,23,0.508175731,102.714,35,2000-04-13
730589,12,17,20,23,0.508175731,102.714,35,2000-04-13
730589,13,18,15,23,0.508175731,102.714,35,2000-04-13
730589,13,18,20,23,0.508175731,102.714,35,2000-04-13
730603,2,6,7,24,0.599069476,108.167,35,2000-04-27
730603,2,6,5,24,0.599069476,108.167,35,2000-04-27
730603,3,19,6,24,0.599069476,108.167,35,2000-04-27
730603,3,19,8,24,0.599069476,108.167,35,2000-04-27
730603,5,6,8,24,0.599069476,108.167,35,2000-04-27
730603,6,13,17,24,0.599069476,108.167,35,2000-04-27
730603,6,13,13,24,0.599069476,108.167,35,2000-04-27
730603,6,13,15,24,0.599069476,108.167,35,2000-04-27
730603,6,13,18,24,0.599069476,108.167,35,2000-04-27
730603,7,22,12,24,0.599069476,108.167,35,2000-04-27
730603,7,22,10,24,0.599069476,108.167,35,2000-04-27
730603,7,22,10,24,0.599069476,108.167,35,2000-04-27
730603,11,25,10,24,0.599069476,108.167,35,2000-04-27
730603,11,25,8,24,0.599069476,108.167,35,2000-04-27
730603,11,25,6,24,0.599069476,108.167,35,2000-04-27
730603,12,7,8,24,0.599069476,108.167,35,2000-04-27
730603,12,7,8,24,0.599069476,108.167,35,2000-04-27
730603,13,13,18,24,0.599069476,108.167,35,2000-04-27
730603,13,13,13,24,0.599069476,108.167,35,2000-04-27
730603,13,13,10,24,0.599069476,108.167,35,2000-04-27
730603,13,13,10,24,0.599069476,108.167,35,2000-04-27
730603,13,13,12,24,0.599069476,108.167,35,2000-04-27
730603,14,18,13,24,0.599069476,108.167,35,2000-04-27
730603,15,14,11,24,0.599069476,108.167,35,2000-04-27
730603,16,16,19,24,0.599069476,108.167,35,2000-04-27
730603,16,16,15,24,0.599069476,108.167,35,2000-04-27
730603,16,16,19,24,0.599069476,108.167,35,2000-04-27
730603,17,10,26,24,0.599069476,108.167,35,2000-04-27
730603,17,10,26,24,0.599069476,108.167,35,2000-04-27
730603,18,14,10,24,0.599069476,108.167,35,2000-04-27
730603,19,13,11,24,0.599069476,108.167,35,2000-04-27
730603,19,13,0,24,0.599069476,108.167,35,2000-04-27
730603,20,13,8,24,0.599069476,108.167,35,2000-04-27
730603,20,13,7,24,0.599069476,108.167,35,2000-04-27
730618,1,8,21,27,0.818001568,107.805,57,2000-05-12
730618,2,11,10,27,0.818001568,107.805,57,2000-05-12
730618,2,11,14,27,0.818001568,107.805,57,2000-05-12
730618,4,12,15,27,0.818001568,107.805,57,2000-05-12
730618,4,12,12,27,0.818001568,107.805,57,2000-05-12
730618,5,12,12,27,0.818001568,107.805,57,2000-05-12
730618,5,12,11,27,0.818001568,107.805,57,2000-05-12
730618,5,12,10,27,0.818001568,107.805,57,2000-05-12
730618,6,8,20,27,0.818001568,107.805,57,2000-05-12
730618,6,8,15,27,0.818001568,107.805,57,2000-05-12
730618,7,27,20,27,0.818001568,107.805,57,2000-05-12
730618,7,27,12,27,0.818001568,107.805,57,2000-05-12
730618,8,12,12,27,0.818001568,107.805,57,2000-05-12
730618,9,6,17,27,0.818001568,107.805,57,2000-05-12
730618,12,5,9,27,0.818001568,107.805,57,2000-05-12
730618,12,5,12,27,0.818001568,107.805,57,2000-05-12
730618,12,5,7,27,0.818001568,107.805,57,2000-05-12
730618,13,10,5,27,0.818001568,107.805,57,2000-05-12
730618,13,10,6,27,0.818001568,107.805,57,2000-05-12
730618,14,9,20,27,0.818001568,107.805,57,2000-05-12
730632,1,13,11,23,0.822872937,101.833,57,2000-05-26
730632,1,13,8,23,0.822872937,101.833,57,2000-05-26
730632,2,11,20,23,0.822872937,101.833,57,2000-05-26
730632,2,11,8,23,0.822872937,101.833,57,2000-05-26
730632,4,18,8,23,0.822872937,101.833,57,2000-05-26
730632,6,10,NaN,23,0.822872937,101.833,57,2000-05-26
730632,8,16,14,23,0.822872937,101.833,57,2000-05-26
730632,8,16,22,23,0.822872937,101.833,57,2000-05-26
730632,8,16,10,23,0.822872937,101.833,57,2000-05-26
730632,9,13,14,23,0.822872937,101.833,57,2000-05-26
730632,9,13,12,23,0.822872937,101.833,57,2000-05-26
730632,9,13,9,23,0.822872937,101.833,57,2000-05-26
730632,10,17,15,23,0.822872937,101.833,57,2000-05-26
730632,10,17,12,23,0.822872937,101.833,57,2000-05-26
730632,10,17,12,23,0.822872937,101.833,57,2000-05-26
730632,10,17,11,23,0.822872937,101.833,57,2000-05-26
730632,13,12,15,23,0.822872937,101.833,57,2000-05-26
730632,13,12,15,23,0.822872937,101.833,57,2000-05-26
730632,13,12,8,23,0.822872937,101.833,57,2000-05-26
730632,13,12,10,23,0.822872937,101.833,57,2000-05-26
730632,14,16,8,23,0.822872937,101.833,57,2000-05-26
730632,14,16,12,23,0.822872937,101.833,57,2000-05-26
730632,16,10,5,23,0.822872937,101.833,57,2000-05-26
730632,16,10,8,23,0.822872937,101.833,57,2000-05-26
730632,16,10,8,23,0.822872937,101.833,57,2000-05-26
730632,17,13,12,23,0.822872937,101.833,57,2000-05-26
730632,17,13,10,23,0.822872937,101.833,57,2000-05-26
730632,17,13,10,23,0.822872937,101.833,57,2000-05-26
730632,17,13,15,23,0.822872937,101.833,57,2000-05-26
730632,18,10,13,23,0.822872937,101.833,57,2000-05-26
730632,18,10,15,23,0.822872937,101.833,57,2000-05-26
730632,18,10,10,23,0.822872937,101.833,57,2000-05-26
730632,20,16,12,23,0.822872937,101.833,57,2000-05-26
730632,20,16,10,23,0.822872937,101.833,57,2000-05-26
730645,3,21,15,25,0.95332998,121.919,60,2000-06-08
730645,3,21,20,25,0.95332998,121.919,60,2000-06-08
730645,9,21,15,25,0.95332998,121.919,60,2000-06-08
730645,9,21,9,25,0.95332998,121.919,60,2000-06-08
730645,10,15,8,25,0.95332998,121.919,60,2000-06-08
730645,10,15,15,25,0.95332998,121.919,60,2000-06-08
730645,11,10,12,25,0.95332998,121.919,60,2000-06-08
730645,11,10,10,25,0.95332998,121.919,60,2000-06-08
730645,11,10,8,25,0.95332998,121.919,60,2000-06-08
730645,14,11,13,25,0.95332998,121.919,60,2000-06-08
730645,14,11,15,25,0.95332998,121.919,60,2000-06-08
730645,19,21,17,25,0.95332998,121.919,60,2000-06-08
730645,20,14,12,25,0.95332998,121.919,60,2000-06-08
730659,5,9,10,24,1.313684106,112.737,60,2000-06-22
730659,7,14,27,24,1.313684106,112.737,60,2000-06-22
730659,7,14,30,24,1.313684106,112.737,60,2000-06-22
730659,8,22,8,24,1.313684106,112.737,60,2000-06-22
730659,9,8,12,24,1.313684106,112.737,60,2000-06-22
730659,10,17,30,24,1.313684106,112.737,60,2000-06-22
730659,10,17,30,24,1.313684106,112.737,60,2000-06-22
730659,12,15,12,24,1.313684106,112.737,60,2000-06-22
730659,12,15,11,24,1.313684106,112.737,60,2000-06-22
730659,12,15,10,24,1.313684106,112.737,60,2000-06-22
730659,12,15,10,24,1.313684106,112.737,60,2000-06-22
730659,13,10,10,24,1.313684106,112.737,60,2000-06-22
730659,13,10,15,24,1.313684106,112.737,60,2000-06-22
730659,13,10,19,24,1.313684106,112.737,60,2000-06-22
730659,13,10,17,24,1.313684106,112.737,60,2000-06-22
730659,15,17,10,24,1.313684106,112.737,60,2000-06-22
730659,15,17,11,24,1.313684106,112.737,60,2000-06-22
730659,15,17,19,24,1.313684106,112.737,60,2000-06-22
730659,16,27,20,24,1.313684106,112.737,60,2000-06-22
730659,18,32,20,24,1.313684106,112.737,60,2000-06-22
730659,18,32,17,24,1.313684106,112.737,60,2000-06-22
730659,18,32,20,24,1.313684106,112.737,60,2000-06-22
730659,20,12,13,24,1.313684106,112.737,60,2000-06-22
730659,20,12,10,24,1.313684106,112.737,60,2000-06-22
730673,1,18,8,22,1.957616329,110.533,56,2000-07-06
730673,1,18,8,22,1.957616329,110.533,56,2000-07-06
730673,1,18,5,22,1.957616329,110.533,56,2000-07-06
730673,2,21,10,22,1.957616329,110.533,56,2000-07-06
730673,3,16,7,22,1.957616329,110.533,56,2000-07-06
730673,3,16,10,22,1.957616329,110.533,56,2000-07-06
730673,5,23,16,22,1.957616329,110.533,56,2000-07-06
730673,5,23,14,22,1.957616329,110.533,56,2000-07-06
730673,5,23,14,22,1.957616329,110.533,56,2000-07-06
730673,7,15,10,22,1.957616329,110.533,56,2000-07-06
730673,7,15,10,22,1.957616329,110.533,56,2000-07-06
730673,14,11,15,22,1.957616329,110.533,56,2000-07-06
730673,14,11,12,22,1.957616329,110.533,56,2000-07-06
730673,14,11,10,22,1.957616329,110.533,56,2000-07-06
730673,14,11,10,22,1.957616329,110.533,56,2000-07-06
730673,16,16,10,22,1.957616329,110.533,56,2000-07-06
730673,19,22,10,22,1.957616329,110.533,56,2000-07-06
730673,19,22,15,22,1.957616329,110.533,56,2000-07-06
730687,1,26,15,22.5,0.66747272,109.651,56,2000-07-20
730687,1,26,13,22.5,0.66747272,109.651,56,2000-07-20
730687,3,25,14,22.5,0.66747272,109.651,56,2000-07-20
730687,3,25,14,22.5,0.66747272,109.651,56,2000-07-20
730687,4,13,17,22.5,0.66747272,109.651,56,2000-07-20
730687,4,13,14,22.5,0.66747272,109.651,56,2000-07-20
730687,4,13,11,22.5,0.66747272,109.651,56,2000-07-20
730687,5,24,15,22.5,0.66747272,109.651,56,2000-07-20
730687,5,24,15,22.5,0.66747272,109.651,56,2000-07-20
730687,6,20,14,22.5,0.66747272,109.651,56,2000-07-20
730687,6,20,21,22.5,0.66747272,109.651,56,2000-07-20
730687,6,20,7,22.5,0.66747272,109.651,56,2000-07-20
730687,7,12,25,22.5,0.66747272,109.651,56,2000-07-20
730687,7,12,22,22.5,0.66747272,109.651,56,2000-07-20
730687,8,11,26,22.5,0.66747272,109.651,56,2000-07-20
730687,8,11,15,22.5,0.66747272,109.651,56,2000-07-20
730687,9,26,7,22.5,0.66747272,109.651,56,2000-07-20
730687,9,26,8,22.5,0.66747272,109.651,56,2000-07-20
730687,9,26,7,22.5,0.66747272,109.651,56,2000-07-20
730687,10,10,23,22.5,0.66747272,109.651,56,2000-07-20
730687,10,10,28,22.5,0.66747272,109.651,56,2000-07-20
730687,10,10,28,22.5,0.66747272,109.651,56,2000-07-20
730687,13,18,16,22.5,0.66747272,109.651,56,2000-07-20
730687,13,18,18,22.5,0.66747272,109.651,56,2000-07-20
730687,13,18,19,22.5,0.66747272,109.651,56,2000-07-20
730687,14,11,15,22.5,0.66747272,109.651,56,2000-07-20
730687,14,11,16,22.5,0.66747272,109.651,56,2000-07-20
730687,14,11,15,22.5,0.66747272,109.651,56,2000-07-20
730687,18,21,10,22.5,0.66747272,109.651,56,2000-07-20
730687,18,21,10,22.5,0.66747272,109.651,56,2000-07-20
730701,1,23,7,22.5,0.224925742,100.982,43,2000-08-03
730701,2,13,9,22.5,0.224925742,100.982,43,2000-08-03
730701,2,13,7,22.5,0.224925742,100.982,43,2000-08-03
730701,3,21,10,22.5,0.224925742,100.982,43,2000-08-03
730701,3,21,12,22.5,0.224925742,100.982,43,2000-08-03
730701,5,20,9,22.5,0.224925742,100.982,43,2000-08-03
730701,5,20,10,22.5,0.224925742,100.982,43,2000-08-03
730701,5,20,13,22.5,0.224925742,100.982,43,2000-08-03
730701,6,19,6,22.5,0.224925742,100.982,43,2000-08-03
730701,6,19,7,22.5,0.224925742,100.982,43,2000-08-03
730701,6,19,7,22.5,0.224925742,100.982,43,2000-08-03
730701,7,16,22,22.5,0.224925742,100.982,43,2000-08-03
730701,7,16,20,22.5,0.224925742,100.982,43,2000-08-03
730701,7,16,15,22.5,0.224925742,100.982,43,2000-08-03
730701,9,13,12,22.5,0.224925742,100.982,43,2000-08-03
730701,9,13,17,22.5,0.224925742,100.982,43,2000-08-03
730701,9,13,15,22.5,0.224925742,100.982,43,2000-08-03
730701,10,28,15,22.5,0.224925742,100.982,43,2000-08-03
730701,12,21,13,22.5,0.224925742,100.982,43,2000-08-03
730701,12,21,13,22.5,0.224925742,100.982,43,2000-08-03
730701,12,21,13,22.5,0.224925742,100.982,43,2000-08-03
730701,13,18,18,22.5,0.224925742,100.982,43,2000-08-03
730701,13,18,12,22.5,0.224925742,100.982,43,2000-08-03
730701,14,16,10,22.5,0.224925742,100.982,43,2000-08-03
730701,14,16,10,22.5,0.224925742,100.982,43,2000-08-03
730701,15,12,12,22.5,0.224925742,100.982,43,2000-08-03
730701,16,16,13,22.5,0.224925742,100.982,43,2000-08-03
730701,16,16,15,22.5,0.224925742,100.982,43,2000-08-03
730701,16,16,10,22.5,0.224925742,100.982,43,2000-08-03
730701,17,29,13,22.5,0.224925742,100.982,43,2000-08-03
730701,17,29,10,22.5,0.224925742,100.982,43,2000-08-03
730701,18,13,15,22.5,0.224925742,100.982,43,2000-08-03
730701,18,13,10,22.5,0.224925742,100.982,43,2000-08-03
730701,19,17,9,22.5,0.224925742,100.982,43,2000-08-03
730701,20,18,10,22.5,0.224925742,100.982,43,2000-08-03
730701,20,18,12,22.5,0.224925742,100.982,43,2000-08-03
730715,6,21,8,25,0.424402744,103.048,43,2000-08-17
730715,10,19,10,25,0.424402744,103.048,43,2000-08-17
730715,10,19,11,25,0.424402744,103.048,43,2000-08-17
730715,13,17,11,25,0.424402744,103.048,43,2000-08-17
730715,15,22,12,25,0.424402744,103.048,43,2000-08-17
730715,15,22,12,25,0.424402744,103.048,43,2000-08-17
730715,15,22,12,25,0.424402744,103.048,43,2000-08-17
730715,16,16,13,25,0.424402744,103.048,43,2000-08-17
730715,17,27,7,25,0.424402744,103.048,43,2000-08-17
730715,18,31,10,25,0.424402744,103.048,43,2000-08-17
730715,18,31,9,25,0.424402744,103.048,43,2000-08-17
730715,18,31,8,25,0.424402744,103.048,43,2000-08-17
730729,1,10,13,19.5,0.304625064,85.169,43,2000-08-31
730729,1,10,7,19.5,0.304625064,85.169,43,2000-08-31
730729,1,10,8,19.5,0.304625064,85.169,43,2000-08-31
730729,2,18,8,19.5,0.304625064,85.169,43,2000-08-31
730729,3,26,14,19.5,0.304625064,85.169,43,2000-08-31
730729,3,26,17,19.5,0.304625064,85.169,43,2000-08-31
730729,3,26,3,19.5,0.304625064,85.169,43,2000-08-31
730729,4,25,8,19.5,0.304625064,85.169,43,2000-08-31
730729,4,25,7,19.5,0.304625064,85.169,43,2000-08-31
730729,5,10,5,19.5,0.304625064,85.169,43,2000-08-31
730729,6,21,5,19.5,0.304625064,85.169,43,2000-08-31
730729,6,21,4,19.5,0.304625064,85.169,43,2000-08-31
730729,7,20,7,19.5,0.304625064,85.169,43,2000-08-31
730729,7,20,9,19.5,0.304625064,85.169,43,2000-08-31
730729,8,10,5,19.5,0.304625064,85.169,43,2000-08-31
730729,9,18,10,19.5,0.304625064,85.169,43,2000-08-31
730729,9,18,8,19.5,0.304625064,85.169,43,2000-08-31
730729,10,12,9,19.5,0.304625064,85.169,43,2000-08-31
730729,10,12,7,19.5,0.304625064,85.169,43,2000-08-31
730729,10,12,7,19.5,0.304625064,85.169,43,2000-08-31
730729,10,12,7,19.5,0.304625064,85.169,43,2000-08-31
730729,11,21,10,19.5,0.304625064,85.169,43,2000-08-31
730729,11,21,10,19.5,0.304625064,85.169,43,2000-08-31
730729,11,21,9,19.5,0.304625064,85.169,43,2000-08-31
730729,12,23,12,19.5,0.304625064,85.169,43,2000-08-31
730729,12,23,8,19.5,0.304625064,85.169,43,2000-08-31
730729,12,23,14,19.5,0.304625064,85.169,43,2000-08-31
730744,1,21,24,NaN,0.129812375,97.187,17,2000-09-15
730744,1,21,25,NaN,0.129812375,97.187,17,2000-09-15
730744,1,21,20,NaN,0.129812375,97.187,17,2000-09-15
730744,2,9,29,NaN,0.129812375,97.187,17,2000-09-15
730744,3,8,28,NaN,0.129812375,97.187,17,2000-09-15
730744,3,8,12,NaN,0.129812375,97.187,17,2000-09-15
730744,4,19,5,NaN,0.129812375,97.187,17,2000-09-15
730744,5,10,15,NaN,0.129812375,97.187,17,2000-09-15
730744,5,10,10,NaN,0.129812375,97.187,17,2000-09-15
730744,8,15,15,NaN,0.129812375,97.187,17,2000-09-15
730744,8,15,9,NaN,0.129812375,97.187,17,2000-09-15
730744,8,15,10,NaN,0.129812375,97.187,17,2000-09-15
730744,9,20,19,NaN,0.129812375,97.187,17,2000-09-15
730744,9,20,17,NaN,0.129812375,97.187,17,2000-09-15
730744,9,20,10,NaN,0.129812375,97.187,17,2000-09-15
730744,12,16,24,NaN,0.129812375,97.187,17,2000-09-15
730744,12,16,15,NaN,0.129812375,97.187,17,2000-09-15
730744,12,16,12,NaN,0.129812375,97.187,17,2000-09-15
730758,2,11,10,22,0.586824775,71.452,17,2000-09-29
730758,2,11,10,22,0.586824775,71.452,17,2000-09-29
730758,5,15,15,22,0.586824775,71.452,17,2000-09-29
730758,5,15,10,22,0.586824775,71.452,17,2000-09-29
730758,9,13,12,22,0.586824775,71.452,17,2000-09-29
730758,9,13,16,22,0.586824775,71.452,17,2000-09-29
730758,9,13,8,22,0.586824775,71.452,17,2000-09-29
730758,9,13,8,22,0.586824775,71.452,17,2000-09-29
730758,11,14,14,22,0.586824775,71.452,17,2000-09-29
730758,12,13,5,22,0.586824775,71.452,17,2000-09-29
730758,12,13,5,22,0.586824775,71.452,17,2000-09-29
730758,12,13,5,22,0.586824775,71.452,17,2000-09-29
730772,1,9,3,20.5,0.377101511,67.823,8,2000-10-13
730772,1,9,3,20.5,0.377101511,67.823,8,2000-10-13
730772,1,9,2,20.5,0.377101511,67.823,8,2000-10-13
730772,1,9,3,20.5,0.377101511,67.823,8,2000-10-13
730772,2,20,15,20.5,0.377101511,67.823,8,2000-10-13
730772,2,20,15,20.5,0.377101511,67.823,8,2000-10-13
730772,2,20,13,20.5,0.377101511,67.823,8,2000-10-13
730772,3,13,15,20.5,0.377101511,67.823,8,2000-10-13
730772,3,13,15,20.5,0.377101511,67.823,8,2000-10-13
730772,3,13,12,20.5,0.377101511,67.823,8,2000-10-13
730772,4,10,18,20.5,0.377101511,67.823,8,2000-10-13
730772,4,10,12,20.5,0.377101511,67.823,8,2000-10-13
730772,5,10,15,20.5,0.377101511,67.823,8,2000-10-13
730772,5,10,25,20.5,0.377101511,67.823,8,2000-10-13
730772,5,10,10,20.5,0.377101511,67.823,8,2000-10-13
730772,6,13,12,20.5,0.377101511,67.823,8,2000-10-13
730772,6,13,17,20.5,0.377101511,67.823,8,2000-10-13
730772,6,13,19,20.5,0.377101511,67.823,8,2000-10-13
730772,7,6,5,20.5,0.377101511,67.823,8,2000-10-13
730772,7,6,5,20.5,0.377101511,67.823,8,2000-10-13
730772,7,6,4,20.5,0.377101511,67.823,8,2000-10-13
730772,8,11,12,20.5,0.377101511,67.823,8,2000-10-13
730772,8,11,18,20.5,0.377101511,67.823,8,2000-10-13
730772,8,11,15,20.5,0.377101511,67.823,8,2000-10-13
730772,9,14,8,20.5,0.377101511,67.823,8,2000-10-13
730772,11,11,14,20.5,0.377101511,67.823,8,2000-10-13
730772,11,11,20,20.5,0.377101511,67.823,8,2000-10-13
730785,1,14,15,22,-0.400486618,67.347,8,2000-10-26
730785,1,14,6,22,-0.400486618,67.347,8,2000-10-26
730785,2,19,15,22,-0.400486618,67.347,8,2000-10-26
730785,2,19,15,22,-0.400486618,67.347,8,2000-10-26
730785,3,10,23,22,-0.400486618,67.347,8,2000-10-26
730785,3,10,15,22,-0.400486618,67.347,8,2000-10-26
730785,4,13,10,22,-0.400486618,67.347,8,2000-10-26
730785,4,13,10,22,-0.400486618,67.347,8,2000-10-26
730785,5,18,12,22,-0.400486618,67.347,8,2000-10-26
730785,5,18,7,22,-0.400486618,67.347,8,2000-10-26
730785,6,17,19,22,-0.400486618,67.347,8,2000-10-26
730785,6,17,10,22,-0.400486618,67.347,8,2000-10-26
730785,6,17,18,22,-0.400486618,67.347,8,2000-10-26
730785,8,20,10,22,-0.400486618,67.347,8,2000-10-26
730785,8,20,10,22,-0.400486618,67.347,8,2000-10-26
730785,9,7,19,22,-0.400486618,67.347,8,2000-10-26
730785,9,7,9,22,-0.400486618,67.347,8,2000-10-26
730785,9,7,8,22,-0.400486618,67.347,8,2000-10-26
730785,11,15,17,22,-0.400486618,67.347,8,2000-10-26
730785,12,12,14,22,-0.400486618,67.347,8,2000-10-26
730800,1,7,11,NaN,-0.696444929,53.756,3,2000-11-10
730800,1,7,11,NaN,-0.696444929,53.756,3,2000-11-10
730800,2,19,19,NaN,-0.696444929,53.756,3,2000-11-10
730800,2,19,15,NaN,-0.696444929,53.756,3,2000-11-10
730800,3,20,23,NaN,-0.696444929,53.756,3,2000-11-10
730800,3,20,25,NaN,-0.696444929,53.756,3,2000-11-10
730800,3,20,20,NaN,-0.696444929,53.756,3,2000-11-10
730800,3,20,19,NaN,-0.696444929,53.756,3,2000-11-10
730800,4,11,13,NaN,-0.696444929,53.756,3,2000-11-10
730800,4,11,12,NaN,-0.696444929,53.756,3,2000-11-10
730800,4,11,8,NaN,-0.696444929,53.756,3,2000-11-10
730800,5,19,13,NaN,-0.696444929,53.756,3,2000-11-10
730800,6,14,7,NaN,-0.696444929,53.756,3,2000-11-10
730800,6,14,14,NaN,-0.696444929,53.756,3,2000-11-10
730800,7,24,11,NaN,-0.696444929,53.756,3,2000-11-10
730800,8,10,14,NaN,-0.696444929,53.756,3,2000-11-10
730800,8,10,10,NaN,-0.696444929,53.756,3,2000-11-10
730800,9,8,13,NaN,-0.696444929,53.756,3,2000-11-10
730800,10,24,10,NaN,-0.696444929,53.756,3,2000-11-10
730800,11,28,16,NaN,-0.696444929,53.756,3,2000-11-10
730800,11,28,15,NaN,-0.696444929,53.756,3,2000-11-10
730800,11,28,14,NaN,-0.696444929,53.756,3,2000-11-10
730817,1,11,15,NaN,-1.04936409,58.678,3,2000-11-27
730817,2,29,8,NaN,-1.04936409,58.678,3,2000-11-27
730817,3,19,8,NaN,-1.04936409,58.678,3,2000-11-27
730817,3,19,7,NaN,-1.04936409,58.678,3,2000-11-27
730817,4,12,15,NaN,-1.04936409,58.678,3,2000-11-27
730817,4,12,14,NaN,-1.04936409,58.678,3,2000-11-27
730817,5,27,10,NaN,-1.04936409,58.678,3,2000-11-27
730817,6,11,14,NaN,-1.04936409,58.678,3,2000-11-27
730817,6,11,7,NaN,-1.04936409,58.678,3,2000-11-27
730817,7,29,8,NaN,-1.04936409,58.678,3,2000-11-27
730817,9,12,6,NaN,-1.04936409,58.678,3,2000-11-27
730817,9,12,9,NaN,-1.04936409,58.678,3,2000-11-27
730817,10,12,8,NaN,-1.04936409,58.678,3,2000-11-27
730817,11,18,10,NaN,-1.04936409,58.678,3,2000-11-27
730817,12,18,11,NaN,-1.04936409,58.678,3,2000-11-27
730832,1,11,25,14.9,-0.602103055,45.254,1,2000-12-12
730832,1,11,29,14.9,-0.602103055,45.254,1,2000-12-12
730832,1,11,25,14.9,-0.602103055,45.254,1,2000-12-12
730832,4,15,22,14.9,-0.602103055,45.254,1,2000-12-12
730832,4,15,13,14.9,-0.602103055,45.254,1,2000-12-12
730832,4,15,19,14.9,-0.602103055,45.254,1,2000-12-12
730832,5,7,4,14.9,-0.602103055,45.254,1,2000-12-12
730832,6,16,12,14.9,-0.602103055,45.254,1,2000-12-12
730832,6,16,14,14.9,-0.602103055,45.254,1,2000-12-12
730832,6,16,14,14.9,-0.602103055,45.254,1,2000-12-12
730832,7,17,30,14.9,-0.602103055,45.254,1,2000-12-12
730832,7,17,21,14.9,-0.602103055,45.254,1,2000-12-12
730832,9,17,10,14.9,-0.602103055,45.254,1,2000-12-12
730832,9,17,10,14.9,-0.602103055,45.254,1,2000-12-12
730832,10,12,14,14.9,-0.602103055,45.254,1,2000-12-12
730832,10,12,13,14.9,-0.602103055,45.254,1,2000-12-12
730832,10,12,17,14.9,-0.602103055,45.254,1,2000-12-12
730832,11,6,19,14.9,-0.602103055,45.254,1,2000-12-12
730832,11,6,27,14.9,-0.602103055,45.254,1,2000-12-12
730832,12,13,5,14.9,-0.602103055,45.254,1,2000-12-12
730847,1,16,16,14.5,0.045718383,53.454,1,2000-12-27
730847,1,16,20,14.5,0.045718383,53.454,1,2000-12-27
730847,1,16,14,14.5,0.045718383,53.454,1,2000-12-27
730847,1,16,9,14.5,0.045718383,53.454,1,2000-12-27
730847,2,13,15,14.5,0.045718383,53.454,1,2000-12-27
730847,3,13,6,14.5,0.045718383,53.454,1,2000-12-27
730847,4,9,12,14.5,0.045718383,53.454,1,2000-12-27
730847,4,9,10,14.5,0.045718383,53.454,1,2000-12-27
730847,5,10,10,14.5,0.045718383,53.454,1,2000-12-27
730847,5,10,9,14.5,0.045718383,53.454,1,2000-12-27
730847,6,13,13,14.5,0.045718383,53.454,1,2000-12-27
730847,6,13,10,14.5,0.045718383,53.454,1,2000-12-27
730847,7,12,6,14.5,0.045718383,53.454,1,2000-12-27
730847,7,12,6,14.5,0.045718383,53.454,1,2000-12-27
730847,8,17,8,14.5,0.045718383,53.454,1,2000-12-27
730847,8,17,7,14.5,0.045718383,53.454,1,2000-12-27
730847,9,20,17,14.5,0.045718383,53.454,1,2000-12-27
730847,9,20,15,14.5,0.045718383,53.454,1,2000-12-27
730847,9,20,13,14.5,0.045718383,53.454,1,2000-12-27
730847,10,17,29,14.5,0.045718383,53.454,1,2000-12-27
730847,10,17,22,14.5,0.045718383,53.454,1,2000-12-27
730847,10,17,12,14.5,0.045718383,53.454,1,2000-12-27
730847,11,31,22,14.5,0.045718383,53.454,1,2000-12-27
730847,11,31,13,14.5,0.045718383,53.454,1,2000-12-27
730847,11,31,13,14.5,0.045718383,53.454,1,2000-12-27
730847,12,14,8,14.5,0.045718383,53.454,1,2000-12-27
