Date,Rhizome,Internode_length
26/02/2018,R1,6
26/02/2018,R1,9
26/02/2018,R1,8.5
26/02/2018,R1,8
26/02/2018,R1,8
26/02/2018,R1,7
26/02/2018,R1,5
26/02/2018,R1,6
26/02/2018,R1,6
26/02/2018,R1,8
26/02/2018,R1,7
26/02/2018,R1,9
26/02/2018,R1,5
26/02/2018,R2,7
26/02/2018,R2,9
26/02/2018,R2,12
26/02/2018,R2,8
26/02/2018,R2,12
26/02/2018,R2,13
26/02/2018,R2,12
26/02/2018,R2,12
26/02/2018,R2,15
26/02/2018,R2,11
26/02/2018,R2,10
26/02/2018,R2,10
26/02/2018,R2,17
26/02/2018,R2,17
26/02/2018,R2,14
26/02/2018,R2,14
26/02/2018,R2,16
26/02/2018,R2,20
26/02/2018,R2,21
26/02/2018,R2,18
26/02/2018,R2,17
26/02/2018,R2,11
26/02/2018,R2,11
26/02/2018,R2,11
26/02/2018,R2,10
26/02/2018,R3,16
26/02/2018,R3,28
26/02/2018,R3,19
26/02/2018,R3,13
26/02/2018,R3,17
26/02/2018,R3,14
26/02/2018,R3,17
26/02/2018,R3,10
26/02/2018,R3,11
26/02/2018,R3,9
26/02/2018,R3,7
26/02/2018,R4,16
26/02/2018,R4,9
26/02/2018,R4,9
26/02/2018,R4,7
26/02/2018,R4,6
26/02/2018,R4,6
26/02/2018,R4,4
26/02/2018,R4,4
26/02/2018,R5,5
26/02/2018,R5,7
26/02/2018,R5,15
26/02/2018,R5,20
26/02/2018,R5,19
26/02/2018,R5,17
26/02/2018,R5,19
26/02/2018,R5,20
26/02/2018,R5,21
26/02/2018,R5,19
26/02/2018,R5,16
26/02/2018,R5,14
26/02/2018,R5,10
26/02/2018,R5,16
26/02/2018,R5,20
26/02/2018,R5,18
26/02/2018,R5,16
26/02/2018,R5,9
26/02/2018,R5,13
26/02/2018,R5,20
26/02/2018,R6,13
26/02/2018,R6,18
26/02/2018,R6,15
26/02/2018,R6,15
26/02/2018,R6,14
26/02/2018,R6,10
26/02/2018,R6,10
26/02/2018,R6,7
26/02/2018,R6,8
26/02/2018,R6,9
26/02/2018,R6,8
26/02/2018,R6,9
26/02/2018,R6,11
26/02/2018,R6,9
26/02/2018,R6,8
26/02/2018,R6,7
26/02/2018,R6,9
26/02/2018,R6,5
26/02/2018,R6,8
26/02/2018,R6,8
26/02/2018,R7,8
26/02/2018,R7,10
26/02/2018,R7,12
26/02/2018,R7,24
26/02/2018,R7,20
26/02/2018,R7,22
26/02/2018,R7,12
26/02/2018,R7,15
26/02/2018,R7,19
26/02/2018,R7,21
26/02/2018,R7,11
26/02/2018,R7,15
26/02/2018,R7,12
26/02/2018,R8,6
26/02/2018,R8,7
26/02/2018,R8,5
26/02/2018,R8,8
26/02/2018,R8,8
26/02/2018,R8,9
26/02/2018,R8,7
26/02/2018,R8,5
26/02/2018,R8,4
26/02/2018,R8,5
26/02/2018,R8,7
26/02/2018,R8,10
26/02/2018,R8,8
26/02/2018,R8,7
26/02/2018,R9,5
26/02/2018,R9,3
26/02/2018,R9,7
26/02/2018,R9,6
26/02/2018,R9,7
26/02/2018,R9,6
26/02/2018,R9,3
26/02/2018,R9,5
26/02/2018,R9,6
26/02/2018,R9,8
26/02/2018,R9,6
26/02/2018,R9,4
26/02/2018,R9,4
26/02/2018,R9,7
26/02/2018,R10,9
26/02/2018,R10,15
26/02/2018,R10,20
26/02/2018,R10,18
26/02/2018,R10,18
26/02/2018,R10,15
26/02/2018,R10,17
26/02/2018,R10,17
26/02/2018,R10,13
26/02/2018,R10,10
26/02/2018,R10,12
26/02/2018,R10,14
26/02/2018,R10,17
26/02/2018,R10,20
26/02/2018,R10,18
26/02/2018,R10,11
26/02/2018,R10,9
26/02/2018,R10,9
26/02/2018,R10,11
26/02/2018,R10,7
26/02/2018,R10,6
26/02/2018,R10,5
26/02/2018,R10,7
26/02/2018,R10,6
26/02/2018,R11,13
26/02/2018,R11,17
26/02/2018,R11,10
26/02/2018,R11,8
26/02/2018,R11,11
26/02/2018,R11,13
26/02/2018,R11,11
26/02/2018,R11,8
26/02/2018,R11,6
26/02/2018,R11,3
26/02/2018,R11,4
26/02/2018,R11,5
26/02/2018,R11,5
26/02/2018,R12,8.5
26/02/2018,R12,13
26/02/2018,R12,12
26/02/2018,R12,12
26/02/2018,R12,8
26/02/2018,R12,8
26/02/2018,R12,5
26/02/2018,R12,4
26/02/2018,R12,7
26/02/2018,R12,6
26/02/2018,R12,6
14/03/2018,R1,9
14/03/2018,R1,19
14/03/2018,R1,15
14/03/2018,R1,16
14/03/2018,R1,13
14/03/2018,R1,11
14/03/2018,R1,11
14/03/2018,R1,7
14/03/2018,R1,10
14/03/2018,R1,10
14/03/2018,R1,4
14/03/2018,R1,4
14/03/2018,R1,3
14/03/2018,R1,6
14/03/2018,R1,7
14/03/2018,R1,6
14/03/2018,R1,6
14/03/2018,R1,6
14/03/2018,R1,5
14/03/2018,R1,12
14/03/2018,R1,20
14/03/2018,R1,19
14/03/2018,R1,22
14/03/2018,R1,14
14/03/2018,R1,14
14/03/2018,R1,12
14/03/2018,R1,12
14/03/2018,R1,12
14/03/2018,R1,10
14/03/2018,R1,9
14/03/2018,R1,11
14/03/2018,R1,11
14/03/2018,R2,5
14/03/2018,R2,12
14/03/2018,R2,11
14/03/2018,R2,14
14/03/2018,R2,18
14/03/2018,R2,21
14/03/2018,R2,19
14/03/2018,R2,15
14/03/2018,R2,15
14/03/2018,R2,19
14/03/2018,R2,13
14/03/2018,R2,18
14/03/2018,R2,13
14/03/2018,R2,16
14/03/2018,R2,10
14/03/2018,R2,10
14/03/2018,R2,10
14/03/2018,R2,15
14/03/2018,R2,11
14/03/2018,R2,11
14/03/2018,R2,11
14/03/2018,R2,15
14/03/2018,R2,12
14/03/2018,R2,8
14/03/2018,R2,8
14/03/2018,R2,6
14/03/2018,R2,6
14/03/2018,R2,6
14/03/2018,R2,6
14/03/2018,R2,8
14/03/2018,R2,6
14/03/2018,R2,7
14/03/2018,R3,6
14/03/2018,R3,16
14/03/2018,R3,11
14/03/2018,R3,12
14/03/2018,R3,10
14/03/2018,R3,10
14/03/2018,R3,6
14/03/2018,R3,8
14/03/2018,R3,7
14/03/2018,R3,4
14/03/2018,R3,4
14/03/2018,R3,4
14/03/2018,R3,5
14/03/2018,R3,12
14/03/2018,R3,13
14/03/2018,R4,5
14/03/2018,R4,6
14/03/2018,R4,12
14/03/2018,R4,14
14/03/2018,R4,9
14/03/2018,R4,6
14/03/2018,R4,9
14/03/2018,R4,8
14/03/2018,R4,5
14/03/2018,R4,4
14/03/2018,R4,6
14/03/2018,R5,4
14/03/2018,R5,10
14/03/2018,R5,13
14/03/2018,R5,16
14/03/2018,R5,21
14/03/2018,R5,24
14/03/2018,R5,23
14/03/2018,R5,20
14/03/2018,R5,19
14/03/2018,R5,20
14/03/2018,R5,11
14/03/2018,R5,7
14/03/2018,R5,6
14/03/2018,R5,5
14/03/2018,R5,5
14/03/2018,R5,9
14/03/2018,R5,9
14/03/2018,R5,7
14/03/2018,R5,5
14/03/2018,R5,6
14/03/2018,R6,3
14/03/2018,R6,13
14/03/2018,R6,11
14/03/2018,R6,12
14/03/2018,R6,9
14/03/2018,R6,7
14/03/2018,R6,6
14/03/2018,R6,7
14/03/2018,R6,5
14/03/2018,R6,4
14/03/2018,R6,5
14/03/2018,R6,5
14/03/2018,R6,8
14/03/2018,R6,13
14/03/2018,R6,8
14/03/2018,R6,5
14/03/2018,R6,5
14/03/2018,R6,7
14/03/2018,R6,4
14/03/2018,R6,4
14/03/2018,R7,11
14/03/2018,R7,27
14/03/2018,R7,26
14/03/2018,R7,14
14/03/2018,R7,19
14/03/2018,R7,13
14/03/2018,R7,12
14/03/2018,R7,9
14/03/2018,R7,11
14/03/2018,R7,6
14/03/2018,R7,8
14/03/2018,R7,8
14/03/2018,R7,8
14/03/2018,R7,8
14/03/2018,R7,8
14/03/2018,R7,11
14/03/2018,R7,11
14/03/2018,R7,8
14/03/2018,R8,7
14/03/2018,R8,19
14/03/2018,R8,24
14/03/2018,R8,20
14/03/2018,R8,25
14/03/2018,R8,23
14/03/2018,R8,19
14/03/2018,R8,10
14/03/2018,R8,11
14/03/2018,R8,7
14/03/2018,R8,4
14/03/2018,R8,3
14/03/2018,R8,3
14/03/2018,R9,11
14/03/2018,R9,11
14/03/2018,R9,15
14/03/2018,R9,19
14/03/2018,R9,14
14/03/2018,R9,9
14/03/2018,R9,4
14/03/2018,R9,7
14/03/2018,R9,5
14/03/2018,R10,9
14/03/2018,R10,19
14/03/2018,R10,19
14/03/2018,R10,18
14/03/2018,R10,18
14/03/2018,R10,16
14/03/2018,R10,14
14/03/2018,R10,10
14/03/2018,R10,9
14/03/2018,R11,8
14/03/2018,R11,8
14/03/2018,R11,7
14/03/2018,R11,11
14/03/2018,R11,8
14/03/2018,R11,8
14/03/2018,R11,4
14/03/2018,R11,3
14/03/2018,R11,6
14/03/2018,R12,9
14/03/2018,R12,11
14/03/2018,R12,9
14/03/2018,R12,9
14/03/2018,R12,14
14/03/2018,R12,10
14/03/2018,R12,9
14/03/2018,R12,9
14/03/2018,R12,8
14/03/2018,R12,7
14/03/2018,R13,3
14/03/2018,R13,9
14/03/2018,R13,8
14/03/2018,R13,7
14/03/2018,R13,11
14/03/2018,R13,11
14/03/2018,R13,12
14/03/2018,R13,12
14/03/2018,R13,11
14/03/2018,R13,8
14/03/2018,R13,8
14/03/2018,R13,7
14/03/2018,R13,7
14/03/2018,R13,7
14/03/2018,R13,10
14/03/2018,R13,8
14/03/2018,R13,6
14/03/2018,R13,7
14/03/2018,R13,5
14/03/2018,R13,6
14/03/2018,R13,6
14/03/2018,R13,5
14/03/2018,R13,5
14/03/2018,R14,6
14/03/2018,R14,15
14/03/2018,R14,13
14/03/2018,R14,15
14/03/2018,R14,14
14/03/2018,R14,17
14/03/2018,R14,12
14/03/2018,R14,12
14/03/2018,R14,22
14/03/2018,R14,20
14/03/2018,R14,17
14/03/2018,R14,13
14/03/2018,R14,15
14/03/2018,R14,11
14/03/2018,R14,13
14/03/2018,R14,16
14/03/2018,R14,17
14/03/2018,R14,12
14/03/2018,R14,11
14/03/2018,R14,7
14/03/2018,R14,13
14/03/2018,R14,5
14/03/2018,R14,9
14/03/2018,R14,6
14/03/2018,R14,7
14/03/2018,R14,6
14/03/2018,R14,9
14/03/2018,R14,8
28/03/2018,R1,5
28/03/2018,R1,13
28/03/2018,R1,11
28/03/2018,R1,9
28/03/2018,R1,8
28/03/2018,R1,7
28/03/2018,R1,5
28/03/2018,R1,5
28/03/2018,R1,9
28/03/2018,R1,8
28/03/2018,R1,7
28/03/2018,R1,7
28/03/2018,R1,10
28/03/2018,R1,7
28/03/2018,R2,5
28/03/2018,R2,10
28/03/2018,R2,14
28/03/2018,R2,24
28/03/2018,R2,17
28/03/2018,R2,21
28/03/2018,R2,13
28/03/2018,R2,9
28/03/2018,R2,10
28/03/2018,R2,6
28/03/2018,R2,6
28/03/2018,R2,8
28/03/2018,R2,11
28/03/2018,R2,8
28/03/2018,R2,6
28/03/2018,R2,5
28/03/2018,R2,6
28/03/2018,R2,4
28/03/2018,R2,6
28/03/2018,R2,4
28/03/2018,R2,7
28/03/2018,R2,10
28/03/2018,R2,9
28/03/2018,R3,4
28/03/2018,R3,6
28/03/2018,R3,9
28/03/2018,R3,9
28/03/2018,R3,10
28/03/2018,R3,9
28/03/2018,R3,9
28/03/2018,R3,7
28/03/2018,R3,4
28/03/2018,R3,4
28/03/2018,R3,4
28/03/2018,R3,3
28/03/2018,R3,3
28/03/2018,R4,5
28/03/2018,R4,13
28/03/2018,R4,24
28/03/2018,R4,19
28/03/2018,R4,22
28/03/2018,R4,20
28/03/2018,R4,22
28/03/2018,R4,15
28/03/2018,R4,14
28/03/2018,R5,8
28/03/2018,R5,13
28/03/2018,R5,13
28/03/2018,R5,16
28/03/2018,R5,24
28/03/2018,R5,19
28/03/2018,R5,13
28/03/2018,R5,10
28/03/2018,R5,9
28/03/2018,R5,9
28/03/2018,R5,14
28/03/2018,R5,16
28/03/2018,R5,9
28/03/2018,R5,12
28/03/2018,R5,21
28/03/2018,R5,19
28/03/2018,R5,9
28/03/2018,R6,4
28/03/2018,R6,4
28/03/2018,R6,7
28/03/2018,R6,9
28/03/2018,R6,9
28/03/2018,R6,7
28/03/2018,R6,6
28/03/2018,R6,5
28/03/2018,R6,3
28/03/2018,R6,5
28/03/2018,R6,5
28/03/2018,R6,4
28/03/2018,R6,7
28/03/2018,R6,5
28/03/2018,R6,4
28/03/2018,R7,15
28/03/2018,R7,26
28/03/2018,R7,28
28/03/2018,R7,22
28/03/2018,R7,17
28/03/2018,R7,19
28/03/2018,R7,15
28/03/2018,R7,7
28/03/2018,R7,9
28/03/2018,R7,7
28/03/2018,R7,9
28/03/2018,R7,5
28/03/2018,R7,4
28/03/2018,R7,5
28/03/2018,R7,3
28/03/2018,R8,6
28/03/2018,R8,17
28/03/2018,R8,14
28/03/2018,R8,13
28/03/2018,R8,15
28/03/2018,R8,18
28/03/2018,R8,8
28/03/2018,R8,15
28/03/2018,R8,19
28/03/2018,R8,17
28/03/2018,R8,15
28/03/2018,R8,8
28/03/2018,R8,8
28/03/2018,R8,8
28/03/2018,R8,7
28/03/2018,R8,7
28/03/2018,R8,5
28/03/2018,R8,5
28/03/2018,R8,4
28/03/2018,R8,4
28/03/2018,R8,4
28/03/2018,R9,14
28/03/2018,R9,17
28/03/2018,R9,16
28/03/2018,R9,21
28/03/2018,R9,19
28/03/2018,R9,19
28/03/2018,R9,16
28/03/2018,R9,14
28/03/2018,R9,13
28/03/2018,R9,19
28/03/2018,R9,11
28/03/2018,R9,10
28/03/2018,R9,8
28/03/2018,R9,10
28/03/2018,R9,7
28/03/2018,R9,6
28/03/2018,R9,4
28/03/2018,R9,4
28/03/2018,R9,6
28/03/2018,R9,7
28/03/2018,R9,7
28/03/2018,R9,3
11/04/2018,R1,7.5
11/04/2018,R1,14
11/04/2018,R1,22
11/04/2018,R1,13
11/04/2018,R1,16
11/04/2018,R1,22
11/04/2018,R1,33
11/04/2018,R1,27
11/04/2018,R1,24
11/04/2018,R1,11
11/04/2018,R1,21
11/04/2018,R1,38
11/04/2018,R1,23
11/04/2018,R1,22
11/04/2018,R1,15
11/04/2018,R1,17
11/04/2018,R1,22
11/04/2018,R1,25
11/04/2018,R1,23
11/04/2018,R1,23
11/04/2018,R1,22
11/04/2018,R1,19
11/04/2018,R1,23
11/04/2018,R1,14
11/04/2018,R1,16
11/04/2018,R1,13
11/04/2018,R1,11
11/04/2018,R1,9
11/04/2018,R1,7
11/04/2018,R1,4
11/04/2018,R1,4
11/04/2018,R1,4
11/04/2018,R2,15
11/04/2018,R2,14
11/04/2018,R2,25
11/04/2018,R2,26
11/04/2018,R2,29
11/04/2018,R2,15
11/04/2018,R2,26
11/04/2018,R2,27
11/04/2018,R2,34
11/04/2018,R2,23
11/04/2018,R2,12
11/04/2018,R2,11
11/04/2018,R2,16
11/04/2018,R2,16
11/04/2018,R2,9
11/04/2018,R2,10
11/04/2018,R2,11
11/04/2018,R2,11
11/04/2018,R2,11
11/04/2018,R2,14
11/04/2018,R2,12
11/04/2018,R2,9
11/04/2018,R3,13
11/04/2018,R3,16
11/04/2018,R3,14
11/04/2018,R3,14
11/04/2018,R3,28
11/04/2018,R3,27
11/04/2018,R3,25
11/04/2018,R3,16
11/04/2018,R3,15
11/04/2018,R3,11
11/04/2018,R3,15
11/04/2018,R3,8
11/04/2018,R3,12
11/04/2018,R3,10
11/04/2018,R3,10
11/04/2018,R3,7
11/04/2018,R3,5
11/04/2018,R3,5
11/04/2018,R4,4
11/04/2018,R4,7
11/04/2018,R4,10
11/04/2018,R4,14
11/04/2018,R4,14
11/04/2018,R4,24
11/04/2018,R4,24
11/04/2018,R4,21
11/04/2018,R4,14
11/04/2018,R4,13
11/04/2018,R4,17
11/04/2018,R4,14
11/04/2018,R4,11
11/04/2018,R4,9
11/04/2018,R4,12
11/04/2018,R4,9
11/04/2018,R4,9
11/04/2018,R4,9
11/04/2018,R5,7
11/04/2018,R5,9
11/04/2018,R5,14
11/04/2018,R5,10
11/04/2018,R5,19
11/04/2018,R5,20
11/04/2018,R5,11
11/04/2018,R5,10
25/04/2018,R1,5
25/04/2018,R1,15
25/04/2018,R1,32
25/04/2018,R1,34
25/04/2018,R1,22
25/04/2018,R1,28
25/04/2018,R1,27
25/04/2018,R1,25
25/04/2018,R1,25
25/04/2018,R1,19
25/04/2018,R1,19
25/04/2018,R1,15
25/04/2018,R1,13
25/04/2018,R1,13
25/04/2018,R1,15
25/04/2018,R1,11
25/04/2018,R1,9
25/04/2018,R1,12
25/04/2018,R1,10
25/04/2018,R1,6
25/04/2018,R2,5
25/04/2018,R2,16
25/04/2018,R2,22
25/04/2018,R2,20
25/04/2018,R2,17
25/04/2018,R2,18
25/04/2018,R2,15
25/04/2018,R2,15
25/04/2018,R2,15
25/04/2018,R2,11
25/04/2018,R2,8
25/04/2018,R2,6
25/04/2018,R2,6
25/04/2018,R2,4
25/04/2018,R3,14
25/04/2018,R3,27
25/04/2018,R3,22
25/04/2018,R3,13
25/04/2018,R3,14
25/04/2018,R3,17
25/04/2018,R3,11
25/04/2018,R3,13
25/04/2018,R3,9
25/04/2018,R3,9
25/04/2018,R3,10
25/04/2018,R3,10
25/04/2018,R3,8
25/04/2018,R3,8
25/04/2018,R3,4
25/04/2018,R3,6
25/04/2018,R3,6
25/04/2018,R3,4
25/04/2018,R3,3
25/04/2018,R3,3
25/04/2018,R3,3
25/04/2018,R4,10
25/04/2018,R4,28
25/04/2018,R4,39
25/04/2018,R4,30
25/04/2018,R4,24
25/04/2018,R4,34
25/04/2018,R4,24
25/04/2018,R4,26
25/04/2018,R4,17
25/04/2018,R4,9
25/04/2018,R4,7
25/04/2018,R4,5
25/04/2018,R5,27
25/04/2018,R5,33
25/04/2018,R5,27
25/04/2018,R5,23
25/04/2018,R5,27
25/04/2018,R5,26
25/04/2018,R5,18
25/04/2018,R5,20
25/04/2018,R5,17
25/04/2018,R5,8
25/04/2018,R5,6
25/04/2018,R5,6
25/04/2018,R5,9
25/04/2018,R5,9
25/04/2018,R5,7
25/04/2018,R5,5
25/04/2018,R5,5
25/04/2018,R5,4
25/04/2018,R5,5
25/04/2018,R5,4
25/04/2018,R5,3
25/04/2018,R5,3
25/04/2018,R5,3
25/04/2018,R5,3
25/04/2018,R5,3
25/04/2018,R5,3
25/04/2018,R6,20
25/04/2018,R6,33
25/04/2018,R6,33
25/04/2018,R6,23
25/04/2018,R6,25
25/04/2018,R6,19
25/04/2018,R6,20
25/04/2018,R6,15
25/04/2018,R6,9
25/04/2018,R6,7
25/04/2018,R6,6
25/04/2018,R6,8
25/04/2018,R6,7
25/04/2018,R6,4
25/04/2018,R6,5
25/04/2018,R6,4
25/04/2018,R7,25
25/04/2018,R7,15
25/04/2018,R7,14
25/04/2018,R7,10
25/04/2018,R7,12
25/04/2018,R7,6
25/04/2018,R7,14
25/04/2018,R7,8
25/04/2018,R7,5
25/04/2018,R7,7
25/04/2018,R7,7
25/04/2018,R7,14
25/04/2018,R8,28
25/04/2018,R8,36
25/04/2018,R8,31
25/04/2018,R8,31
25/04/2018,R8,25
25/04/2018,R8,24
25/04/2018,R8,22
25/04/2018,R8,15
25/04/2018,R8,16
25/04/2018,R8,12
25/04/2018,R8,9
25/04/2018,R8,7
25/04/2018,R8,11
25/04/2018,R8,8
25/04/2018,R9,10
25/04/2018,R9,25
25/04/2018,R9,26
25/04/2018,R9,20
25/04/2018,R9,25
25/04/2018,R9,24
25/04/2018,R9,14
25/04/2018,R9,15
25/04/2018,R9,14
25/04/2018,R9,14
25/04/2018,R9,16
25/04/2018,R9,8
25/04/2018,R9,9
25/04/2018,R10,10
25/04/2018,R10,13
25/04/2018,R10,15
25/04/2018,R10,15
25/04/2018,R10,22
25/04/2018,R10,20
25/04/2018,R10,17
25/04/2018,R10,10
25/04/2018,R10,5
25/04/2018,R10,5
25/04/2018,R10,4
25/04/2018,R10,7
25/04/2018,R10,8
25/04/2018,R10,8
25/04/2018,R10,9
25/04/2018,R10,6
25/04/2018,R10,6
25/04/2018,R10,5
25/04/2018,R10,4
25/04/2018,R10,4
23/05/2018,R1,16
23/05/2018,R1,40
23/05/2018,R1,47
23/05/2018,R1,42
23/05/2018,R1,27
23/05/2018,R1,34
23/05/2018,R1,25
23/05/2018,R1,26
23/05/2018,R1,23
23/05/2018,R1,18
23/05/2018,R1,19
23/05/2018,R1,18
23/05/2018,R1,18
23/05/2018,R1,11
23/05/2018,R1,11
23/05/2018,R1,9
23/05/2018,R1,9
23/05/2018,R1,8
23/05/2018,R1,4
23/05/2018,R1,7
23/05/2018,R1,5
23/05/2018,R1,3
23/05/2018,R1,4
23/05/2018,R1,4
23/05/2018,R2,15
23/05/2018,R2,34
23/05/2018,R2,38
23/05/2018,R2,45
23/05/2018,R2,37
23/05/2018,R2,35
23/05/2018,R2,43
23/05/2018,R2,35
23/05/2018,R2,39
23/05/2018,R2,20
23/05/2018,R3,10
23/05/2018,R3,33
23/05/2018,R3,49
23/05/2018,R3,57
23/05/2018,R3,48
23/05/2018,R3,43
23/05/2018,R3,44
23/05/2018,R3,47
23/05/2018,R3,31
23/05/2018,R3,32
23/05/2018,R3,33
23/05/2018,R3,28
23/05/2018,R3,26
23/05/2018,R3,21
23/05/2018,R3,25
23/05/2018,R3,20
23/05/2018,R3,16
23/05/2018,R3,17
23/05/2018,R3,12
23/05/2018,R4,8
23/05/2018,R4,34
23/05/2018,R4,42
23/05/2018,R4,42
23/05/2018,R4,31
23/05/2018,R4,34
23/05/2018,R4,35
23/05/2018,R4,29
23/05/2018,R4,36
23/05/2018,R4,26
23/05/2018,R4,21
23/05/2018,R4,20
23/05/2018,R4,21
23/05/2018,R4,27
23/05/2018,R4,17
23/05/2018,R4,9
23/05/2018,R4,7
23/05/2018,R4,12
23/05/2018,R4,12
23/05/2018,R4,9
23/05/2018,R4,9
23/05/2018,R4,10
23/05/2018,R4,8
23/05/2018,R4,6
23/05/2018,R4,7
23/05/2018,R4,11
23/05/2018,R4,8
23/05/2018,R4,8
23/05/2018,R4,8
23/05/2018,R4,8
23/05/2018,R5,NaN
23/05/2018,R5,39
23/05/2018,R5,43
23/05/2018,R5,40
23/05/2018,R5,32
23/05/2018,R5,36
23/05/2018,R5,31
23/05/2018,R5,37
23/05/2018,R5,37
23/05/2018,R5,25
23/05/2018,R5,24
23/05/2018,R5,20
23/05/2018,R5,19
23/05/2018,R5,14
23/05/2018,R5,14
23/05/2018,R5,13
23/05/2018,R5,13
23/05/2018,R5,14
23/05/2018,R5,14
23/05/2018,R5,10
23/05/2018,R5,8
02/06/2018,R1,7
02/06/2018,R1,22
02/06/2018,R1,37
02/06/2018,R1,47
02/06/2018,R1,44
02/06/2018,R1,48
02/06/2018,R1,49
02/06/2018,R1,38
02/06/2018,R1,48
02/06/2018,R1,42
02/06/2018,R1,36
02/06/2018,R1,37
02/06/2018,R1,27
02/06/2018,R1,24
02/06/2018,R1,15
02/06/2018,R1,13
02/06/2018,R1,20
02/06/2018,R1,17
02/06/2018,R1,20
02/06/2018,R1,15
02/06/2018,R1,16
02/06/2018,R1,13
02/06/2018,R1,11
02/06/2018,R2,19
02/06/2018,R2,33
02/06/2018,R2,44
02/06/2018,R2,28
02/06/2018,R2,40
02/06/2018,R2,34
02/06/2018,R2,28
02/06/2018,R2,31
02/06/2018,R2,28
02/06/2018,R2,24
02/06/2018,R2,21
02/06/2018,R2,19
02/06/2018,R2,12
02/06/2018,R2,17
02/06/2018,R2,12
02/06/2018,R2,10
02/06/2018,R2,10
02/06/2018,R3,7
02/06/2018,R3,26
02/06/2018,R3,36
02/06/2018,R3,36
02/06/2018,R3,42
02/06/2018,R3,47
02/06/2018,R3,39
02/06/2018,R3,32
02/06/2018,R3,30
02/06/2018,R3,21
02/06/2018,R3,28
02/06/2018,R3,23
02/06/2018,R3,18
02/06/2018,R3,19
02/06/2018,R3,15
02/06/2018,R3,17
02/06/2018,R3,20
02/06/2018,R3,16
02/06/2018,R3,13
02/06/2018,R3,16
02/06/2018,R3,11
02/06/2018,R3,9
02/06/2018,R3,5
02/06/2018,R3,7
02/06/2018,R3,5
02/06/2018,R4,16
02/06/2018,R4,26
02/06/2018,R4,42
02/06/2018,R4,36
02/06/2018,R4,39
02/06/2018,R4,30
02/06/2018,R4,20
02/06/2018,R4,27
02/06/2018,R4,23
02/06/2018,R4,18
02/06/2018,R4,18
02/06/2018,R4,14
02/06/2018,R4,11
02/06/2018,R4,12
02/06/2018,R4,10
02/06/2018,R4,8
02/06/2018,R4,6
02/06/2018,R5,24
02/06/2018,R5,42
02/06/2018,R5,45
02/06/2018,R5,37
02/06/2018,R5,38
02/06/2018,R5,34
02/06/2018,R5,27
02/06/2018,R5,28
02/06/2018,R5,16
02/06/2018,R5,21
02/06/2018,R5,22
02/06/2018,R5,14
02/06/2018,R5,9
02/06/2018,R6,18
02/06/2018,R6,30
02/06/2018,R6,42
02/06/2018,R6,49
02/06/2018,R6,45
02/06/2018,R6,50
02/06/2018,R6,44
02/06/2018,R6,43
02/06/2018,R6,35
02/06/2018,R6,32
02/06/2018,R6,28
02/06/2018,R6,40
02/06/2018,R6,34
02/06/2018,R6,29
02/06/2018,R6,29
02/06/2018,R6,24
02/06/2018,R6,22
02/06/2018,R6,22
02/06/2018,R6,18
02/06/2018,R6,10
02/06/2018,R6,19
02/06/2018,R6,7
02/06/2018,R6,6
02/06/2018,R7,19
02/06/2018,R7,33
02/06/2018,R7,47
02/06/2018,R7,41
02/06/2018,R7,47
02/06/2018,R7,48
02/06/2018,R7,42
02/06/2018,R7,35
02/06/2018,R7,34
02/06/2018,R7,32
02/06/2018,R7,36
02/06/2018,R7,34
02/06/2018,R8,9
02/06/2018,R8,30
02/06/2018,R8,33
02/06/2018,R8,31
02/06/2018,R8,18
02/06/2018,R8,14
02/06/2018,R8,18
02/06/2018,R8,11
02/06/2018,R8,14
02/06/2018,R8,7
02/06/2018,R8,5
02/06/2018,R8,6
02/06/2018,R8,5
02/06/2018,R8,5
02/06/2018,R8,4
18/06/2018,R1,31
18/06/2018,R1,23
18/06/2018,R1,17
18/06/2018,R1,42
18/06/2018,R1,38
18/06/2018,R1,43
18/06/2018,R1,45
18/06/2018,R1,41
18/06/2018,R1,49
18/06/2018,R1,44
18/06/2018,R1,39
18/06/2018,R1,33
18/06/2018,R1,35
18/06/2018,R1,26
18/06/2018,R1,27
18/06/2018,R1,17
18/06/2018,R1,16
18/06/2018,R1,14
18/06/2018,R1,15
18/06/2018,R1,15
18/06/2018,R1,11
18/06/2018,R1,6
18/06/2018,R1,7
18/06/2018,R1,7
18/06/2018,R1,6
18/06/2018,R2,7
18/06/2018,R2,19
18/06/2018,R2,41
18/06/2018,R2,47
18/06/2018,R2,53
18/06/2018,R2,45
18/06/2018,R2,49
18/06/2018,R2,41
18/06/2018,R2,36
18/06/2018,R2,37
18/06/2018,R2,27
18/06/2018,R2,23
18/06/2018,R2,23
18/06/2018,R2,16
18/06/2018,R2,21
18/06/2018,R2,19
18/06/2018,R2,16
18/06/2018,R2,16
18/06/2018,R2,10
18/06/2018,R3,12
18/06/2018,R3,14
18/06/2018,R3,19
18/06/2018,R3,28
18/06/2018,R3,21
18/06/2018,R3,26
18/06/2018,R3,29
18/06/2018,R3,30
18/06/2018,R3,27
18/06/2018,R3,22
18/06/2018,R3,19
18/06/2018,R3,14
18/06/2018,R3,21
18/06/2018,R3,21
18/06/2018,R3,15
18/06/2018,R3,23
18/06/2018,R3,20
18/06/2018,R3,21
18/06/2018,R3,22
18/06/2018,R3,19
18/06/2018,R3,15
18/06/2018,R3,11
18/06/2018,R4,12
18/06/2018,R4,26
18/06/2018,R4,41
18/06/2018,R4,35
18/06/2018,R4,34
18/06/2018,R4,32
18/06/2018,R4,27
18/06/2018,R4,24
18/06/2018,R4,17
18/06/2018,R4,12
18/06/2018,R4,11
18/06/2018,R4,10
18/06/2018,R5,27
18/06/2018,R5,36
18/06/2018,R5,39
18/06/2018,R5,22
18/06/2018,R5,22
18/06/2018,R5,40
18/06/2018,R5,34
18/06/2018,R5,36
18/06/2018,R5,27
18/06/2018,R5,29
18/06/2018,R5,25
18/06/2018,R5,18
18/06/2018,R5,22
18/06/2018,R5,18
18/06/2018,R5,20
18/06/2018,R5,23
18/06/2018,R5,23
18/06/2018,R5,21
18/06/2018,R5,24
18/06/2018,R5,25
18/06/2018,R5,28
18/06/2018,R5,23
18/06/2018,R5,19
18/06/2018,R6,5
18/06/2018,R6,17
18/06/2018,R6,33
18/06/2018,R6,43
18/06/2018,R6,49
18/06/2018,R6,50
18/06/2018,R6,50
18/06/2018,R6,20
18/06/2018,R6,26
18/06/2018,R6,24
18/06/2018,R6,60
18/06/2018,R6,58
02/07/2018,R1,7
02/07/2018,R1,12
02/07/2018,R1,13
02/07/2018,R1,17
02/07/2018,R1,16
02/07/2018,R1,24
02/07/2018,R1,19
02/07/2018,R1,19
02/07/2018,R1,17
02/07/2018,R1,11
02/07/2018,R1,14
02/07/2018,R1,8
02/07/2018,R1,8
02/07/2018,R1,7
02/07/2018,R1,6
02/07/2018,R1,4
02/07/2018,R1,4
02/07/2018,R1,3
02/07/2018,R1,3
02/07/2018,R1,3
02/07/2018,R1,3
02/07/2018,R1,2
02/07/2018,R1,4
02/07/2018,R1,4
02/07/2018,R1,4
02/07/2018,R2,10
02/07/2018,R2,27
02/07/2018,R2,37
02/07/2018,R2,43
02/07/2018,R2,34
02/07/2018,R2,37
02/07/2018,R2,38
02/07/2018,R2,38
02/07/2018,R2,41
02/07/2018,R2,36
02/07/2018,R2,32
02/07/2018,R2,30
02/07/2018,R2,19
02/07/2018,R2,19
02/07/2018,R2,13
02/07/2018,R2,15
02/07/2018,R3,NaN
02/07/2018,R3,33
02/07/2018,R3,41
02/07/2018,R3,41
02/07/2018,R3,33
02/07/2018,R3,43
02/07/2018,R3,45
02/07/2018,R3,45
02/07/2018,R3,46
02/07/2018,R3,46
02/07/2018,R3,38
02/07/2018,R3,43
02/07/2018,R3,38
02/07/2018,R3,35
02/07/2018,R3,19
02/07/2018,R3,30
02/07/2018,R3,22
02/07/2018,R3,26
17/07/2018,R1,12
17/07/2018,R1,27
17/07/2018,R1,31
17/07/2018,R1,34
17/07/2018,R1,31
17/07/2018,R1,35
17/07/2018,R1,35
17/07/2018,R1,32
17/07/2018,R1,33
17/07/2018,R1,32
17/07/2018,R1,29
17/07/2018,R1,24
17/07/2018,R1,28
17/07/2018,R1,26
17/07/2018,R1,23
17/07/2018,R1,14
17/07/2018,R1,11
17/07/2018,R1,7
17/07/2018,R1,7
17/07/2018,R1,10
17/07/2018,R1,9
17/07/2018,R1,10
17/07/2018,R1,6
17/07/2018,R1,5
17/07/2018,R1,5
17/07/2018,R2,10
17/07/2018,R2,25
17/07/2018,R2,31
17/07/2018,R2,24
17/07/2018,R2,33
17/07/2018,R2,32
17/07/2018,R2,36
17/07/2018,R2,36
17/07/2018,R2,35
17/07/2018,R2,23
17/07/2018,R2,33
17/07/2018,R2,25
17/07/2018,R2,18
17/07/2018,R2,16
17/07/2018,R2,14
17/07/2018,R2,14
17/07/2018,R2,10
17/07/2018,R2,8
17/07/2018,R2,6
17/07/2018,R2,4
17/07/2018,R2,6
17/07/2018,R2,8
17/07/2018,R2,6
17/07/2018,R3,23
17/07/2018,R3,28
17/07/2018,R3,24
17/07/2018,R3,19
17/07/2018,R3,27
17/07/2018,R3,18
17/07/2018,R3,16
17/07/2018,R3,13
17/07/2018,R3,9
17/07/2018,R3,9
17/07/2018,R3,9
17/07/2018,R3,7
17/07/2018,R3,3
17/07/2018,R3,5
17/07/2018,R3,3
17/07/2018,R3,4
17/07/2018,R3,3
17/07/2018,R4,30
17/07/2018,R4,26
17/07/2018,R4,27
17/07/2018,R4,28
17/07/2018,R4,32
17/07/2018,R4,26
17/07/2018,R4,26
17/07/2018,R5,10
17/07/2018,R5,22
17/07/2018,R5,22
17/07/2018,R5,24
17/07/2018,R5,32
17/07/2018,R5,22
17/07/2018,R5,21
17/07/2018,R5,24
17/07/2018,R5,19
17/07/2018,R5,18
17/07/2018,R5,12
17/07/2018,R5,11
17/07/2018,R5,22
17/07/2018,R5,17
17/07/2018,R5,10
17/07/2018,R5,15
17/07/2018,R5,7
17/07/2018,R5,10
17/07/2018,R5,5
17/07/2018,R5,6
17/07/2018,R5,10
17/07/2018,R5,9
17/07/2018,R5,13
17/07/2018,R6,4
17/07/2018,R6,24
17/07/2018,R6,24
17/07/2018,R6,27
17/07/2018,R6,33
17/07/2018,R6,38
17/07/2018,R6,37
17/07/2018,R6,27
17/07/2018,R6,27
17/07/2018,R6,21
17/07/2018,R6,23
17/07/2018,R6,17
17/07/2018,R6,17
17/07/2018,R6,9
17/07/2018,R6,10
17/07/2018,R6,9
17/07/2018,R6,6
17/07/2018,R6,5
17/07/2018,R6,9
17/07/2018,R6,6
17/07/2018,R6,4
17/07/2018,R6,5
17/07/2018,R6,8
17/07/2018,R7,26
17/07/2018,R7,20
17/07/2018,R7,18
17/07/2018,R7,19
17/07/2018,R7,20
17/07/2018,R7,22
17/07/2018,R7,17
17/07/2018,R7,11
17/07/2018,R7,8
17/07/2018,R7,6
17/07/2018,R7,6
17/07/2018,R7,8
17/07/2018,R8,14
17/07/2018,R8,25
17/07/2018,R8,30
17/07/2018,R8,24
17/07/2018,R8,29
17/07/2018,R8,33
17/07/2018,R8,28
17/07/2018,R8,49
17/07/2018,R8,29
17/07/2018,R8,23
17/07/2018,R8,22
17/07/2018,R8,25
17/07/2018,R8,20
17/07/2018,R8,23
17/07/2018,R8,26
17/07/2018,R8,19
17/07/2018,R8,8
17/07/2018,R9,17
17/07/2018,R9,24
17/07/2018,R9,29
17/07/2018,R9,25
17/07/2018,R9,36
17/07/2018,R9,35
17/07/2018,R9,26
17/07/2018,R9,34
17/07/2018,R9,31
17/07/2018,R9,33
17/07/2018,R9,36
17/07/2018,R9,32
17/07/2018,R9,35
17/07/2018,R9,37
17/07/2018,R9,24
17/07/2018,R9,27
17/07/2018,R9,22
17/07/2018,R9,34
17/07/2018,R9,16
17/07/2018,R9,14
17/07/2018,R9,13
17/07/2018,R9,12
17/07/2018,R9,10
17/07/2018,R9,9
17/07/2018,R9,9
17/07/2018,R10,14
17/07/2018,R10,22
17/07/2018,R10,20
17/07/2018,R10,33
17/07/2018,R10,35
17/07/2018,R10,45
17/07/2018,R10,47
17/07/2018,R10,34
17/07/2018,R10,42
17/07/2018,R10,42
17/07/2018,R10,44
17/07/2018,R10,43
17/07/2018,R10,37
17/07/2018,R10,34
17/07/2018,R10,42
17/07/2018,R10,34
17/07/2018,R10,31
17/07/2018,R10,33
17/07/2018,R10,23
17/07/2018,R10,23
17/07/2018,R10,22
17/07/2018,R10,15
17/07/2018,R10,17
17/07/2018,R10,13
17/07/2018,R10,21
17/07/2018,R10,13
17/07/2018,R10,9
17/07/2018,R10,9
17/07/2018,R10,14
01/08/2018,R1,10
01/08/2018,R1,11
01/08/2018,R1,34
01/08/2018,R1,28
01/08/2018,R1,30
01/08/2018,R1,30
01/08/2018,R1,34
01/08/2018,R1,38
01/08/2018,R1,30
01/08/2018,R1,36
01/08/2018,R1,35
01/08/2018,R1,34
01/08/2018,R1,22
01/08/2018,R1,31
01/08/2018,R1,29
01/08/2018,R1,35
01/08/2018,R2,9
01/08/2018,R2,22
01/08/2018,R2,23
01/08/2018,R2,20
01/08/2018,R2,24
01/08/2018,R2,23
01/08/2018,R2,28
01/08/2018,R2,25
01/08/2018,R2,23
01/08/2018,R2,12
01/08/2018,R2,18
01/08/2018,R3,13
01/08/2018,R3,19
01/08/2018,R3,33
01/08/2018,R3,43
01/08/2018,R3,38
01/08/2018,R3,39
01/08/2018,R3,43
01/08/2018,R3,41
01/08/2018,R3,48
01/08/2018,R3,47
01/08/2018,R3,44
01/08/2018,R3,45
01/08/2018,R3,41
01/08/2018,R3,39
01/08/2018,R3,41
01/08/2018,R3,46
01/08/2018,R3,34
01/08/2018,R4,9
01/08/2018,R4,24
01/08/2018,R4,33
01/08/2018,R4,36
01/08/2018,R4,38
01/08/2018,R4,39
01/08/2018,R4,38
01/08/2018,R4,44
01/08/2018,R4,46
01/08/2018,R4,46
01/08/2018,R4,40
01/08/2018,R4,35
01/08/2018,R4,38
01/08/2018,R4,42
01/08/2018,R4,39
01/08/2018,R4,31
01/08/2018,R4,44
01/08/2018,R4,42
01/08/2018,R4,32
01/08/2018,R5,32
01/08/2018,R5,33
01/08/2018,R5,37
01/08/2018,R5,51
01/08/2018,R5,42
01/08/2018,R5,47
01/08/2018,R5,45
01/08/2018,R5,52
01/08/2018,R5,51
01/08/2018,R5,52
01/08/2018,R5,51
01/08/2018,R5,47
01/08/2018,R5,43
01/08/2018,R5,46
01/08/2018,R5,50
01/08/2018,R5,37
01/08/2018,R5,35
01/08/2018,R5,41
01/08/2018,R5,22
01/08/2018,R5,22
01/08/2018,R5,18
01/08/2018,R5,14
01/08/2018,R5,16
01/08/2018,R5,9
01/08/2018,R5,9
01/08/2018,R5,7
01/08/2018,R5,6
01/08/2018,R5,7
01/08/2018,R5,7
01/08/2018,R5,9
01/08/2018,R5,9
01/08/2018,R5,9
01/08/2018,R5,9
01/08/2018,R5,9
01/08/2018,R5,8
01/08/2018,R5,8
01/08/2018,R5,7
01/08/2018,R5,5
01/08/2018,R5,7
01/08/2018,R5,8
01/08/2018,R5,9
01/08/2018,R6,NaN
01/08/2018,R6,30
01/08/2018,R6,31
01/08/2018,R6,34
01/08/2018,R6,38
01/08/2018,R6,30
01/08/2018,R6,36
01/08/2018,R6,33
01/08/2018,R6,34
01/08/2018,R6,32
01/08/2018,R6,33
01/08/2018,R6,33
01/08/2018,R6,33
01/08/2018,R6,28
01/08/2018,R6,28
01/08/2018,R6,28
01/08/2018,R6,42
01/08/2018,R6,27
01/08/2018,R6,26
01/08/2018,R6,26
01/08/2018,R6,20
01/08/2018,R7,12
01/08/2018,R7,28
01/08/2018,R7,29
01/08/2018,R7,32
01/08/2018,R7,37
01/08/2018,R7,32
01/08/2018,R7,34
01/08/2018,R7,35
01/08/2018,R7,25
01/08/2018,R7,24
01/08/2018,R7,21
01/08/2018,R7,16
01/08/2018,R7,13
01/08/2018,R8,12
01/08/2018,R8,17
01/08/2018,R8,16
01/08/2018,R8,22
01/08/2018,R8,10
01/08/2018,R8,13
01/08/2018,R8,19
01/08/2018,R8,14
01/08/2018,R8,17
01/08/2018,R9,9
01/08/2018,R9,12
01/08/2018,R9,30
01/08/2018,R9,28
01/08/2018,R9,26
01/08/2018,R9,24
01/08/2018,R9,23
01/08/2018,R9,21
01/08/2018,R9,17
01/08/2018,R9,13
14/08/2018,R1,7
14/08/2018,R1,12
14/08/2018,R1,18
14/08/2018,R1,28
14/08/2018,R1,29
14/08/2018,R1,32
14/08/2018,R1,33
14/08/2018,R1,32
14/08/2018,R1,33
14/08/2018,R1,33
14/08/2018,R1,35
14/08/2018,R1,30
14/08/2018,R1,28
14/08/2018,R1,25
14/08/2018,R1,24
14/08/2018,R1,24
14/08/2018,R1,20
14/08/2018,R1,21
14/08/2018,R1,18
14/08/2018,R1,14
14/08/2018,R1,13
14/08/2018,R1,13
14/08/2018,R1,14
14/08/2018,R1,15
14/08/2018,R1,13
14/08/2018,R1,10
14/08/2018,R1,11
14/08/2018,R1,6
14/08/2018,R1,5
14/08/2018,R1,5
14/08/2018,R1,4
14/08/2018,R1,5
14/08/2018,R1,3
14/08/2018,R1,2
14/08/2018,R2,26
14/08/2018,R2,13
14/08/2018,R2,16
14/08/2018,R2,21
14/08/2018,R2,21
14/08/2018,R2,20
14/08/2018,R2,20
14/08/2018,R2,21
14/08/2018,R2,19
14/08/2018,R2,16
14/08/2018,R2,16
14/08/2018,R2,12
14/08/2018,R2,6
14/08/2018,R2,8
14/08/2018,R2,7
14/08/2018,R2,4
14/08/2018,R3,9
14/08/2018,R3,16
14/08/2018,R3,21
14/08/2018,R3,29
14/08/2018,R3,31
14/08/2018,R3,30
14/08/2018,R3,34
14/08/2018,R3,33
14/08/2018,R3,29
14/08/2018,R4,12
14/08/2018,R4,17
14/08/2018,R4,27
14/08/2018,R4,36
14/08/2018,R4,35
14/08/2018,R4,35
14/08/2018,R4,32
14/08/2018,R4,35
14/08/2018,R4,31
14/08/2018,R4,32
14/08/2018,R4,32
14/08/2018,R4,31
14/08/2018,R4,28
14/08/2018,R4,27
14/08/2018,R4,23
14/08/2018,R4,19
14/08/2018,R5,6
14/08/2018,R5,11
14/08/2018,R5,20
14/08/2018,R5,24
14/08/2018,R5,19
14/08/2018,R5,22
14/08/2018,R5,24
14/08/2018,R5,31
14/08/2018,R5,25
14/08/2018,R5,31
14/08/2018,R5,28
14/08/2018,R5,28
14/08/2018,R5,27
14/08/2018,R5,22
14/08/2018,R5,23
14/08/2018,R5,14
14/08/2018,R5,19
14/08/2018,R5,14
14/08/2018,R5,10
14/08/2018,R5,11
14/08/2018,R6,4
14/08/2018,R6,12
14/08/2018,R6,15
14/08/2018,R6,26
14/08/2018,R6,31
14/08/2018,R6,30
14/08/2018,R6,31
14/08/2018,R6,30
14/08/2018,R6,30
14/08/2018,R6,34
14/08/2018,R6,36
14/08/2018,R6,31
14/08/2018,R6,26
14/08/2018,R6,23
14/08/2018,R6,22
14/08/2018,R6,25
14/08/2018,R6,20
14/08/2018,R6,26
14/08/2018,R6,14
14/08/2018,R6,14
14/08/2018,R6,8
14/08/2018,R6,9
14/08/2018,R6,10
14/08/2018,R6,11
14/08/2018,R6,7
14/08/2018,R6,9
14/08/2018,R6,7
14/08/2018,R6,5
14/08/2018,R6,6
14/08/2018,R6,4
14/08/2018,R6,4
14/08/2018,R6,4
14/08/2018,R7,8
14/08/2018,R7,9
14/08/2018,R7,19
14/08/2018,R7,15
14/08/2018,R7,18
14/08/2018,R7,17
14/08/2018,R7,16
14/08/2018,R7,10
14/08/2018,R7,11
14/08/2018,R7,13
14/08/2018,R7,10
14/08/2018,R7,9
14/08/2018,R7,8
14/08/2018,R7,9
14/08/2018,R7,8
14/08/2018,R8,10
14/08/2018,R8,14
14/08/2018,R8,20
14/08/2018,R8,23
14/08/2018,R8,23
14/08/2018,R8,23
14/08/2018,R8,17
14/08/2018,R8,19
14/08/2018,R8,15
14/08/2018,R8,15
14/08/2018,R8,13
14/08/2018,R9,8
14/08/2018,R9,13
14/08/2018,R9,23
14/08/2018,R9,23
14/08/2018,R9,24
14/08/2018,R9,22
14/08/2018,R9,27
14/08/2018,R9,27
14/08/2018,R9,24
14/08/2018,R9,23
14/08/2018,R9,24
14/08/2018,R9,21
14/08/2018,R9,19
14/08/2018,R9,13
14/08/2018,R9,9
14/08/2018,R9,9
14/08/2018,R9,8
14/08/2018,R9,4
14/08/2018,R9,5
14/08/2018,R9,4
14/08/2018,R9,5
14/08/2018,R9,4
14/08/2018,R10,8
14/08/2018,R10,12
14/08/2018,R10,20
14/08/2018,R10,22
14/08/2018,R10,25
14/08/2018,R10,25
14/08/2018,R10,26
14/08/2018,R10,25
14/08/2018,R10,24
14/08/2018,R10,24
14/08/2018,R10,22
14/08/2018,R10,15
14/08/2018,R10,15
14/08/2018,R10,12
14/08/2018,R10,15
14/08/2018,R10,7
14/08/2018,R10,8
14/08/2018,R10,8
14/08/2018,R10,11
14/08/2018,R11,22
14/08/2018,R11,34
14/08/2018,R11,26
14/08/2018,R11,48
14/08/2018,R11,21
14/08/2018,R11,61
14/08/2018,R11,12
14/08/2018,R11,70
14/08/2018,R11,60
14/08/2018,R11,40
14/08/2018,R11,34
14/08/2018,R11,36
14/08/2018,R11,35
14/08/2018,R11,35
14/08/2018,R11,28
14/08/2018,R11,28
14/08/2018,R11,24
14/08/2018,R11,22
14/08/2018,R11,20
14/08/2018,R11,21
14/08/2018,R11,13
14/08/2018,R11,12
14/08/2018,R12,7
14/08/2018,R12,11
14/08/2018,R12,16
14/08/2018,R12,17
14/08/2018,R12,20
14/08/2018,R12,25
14/08/2018,R12,29
14/08/2018,R12,26
14/08/2018,R12,30
14/08/2018,R12,27
14/08/2018,R12,26
14/08/2018,R12,26
14/08/2018,R12,26
14/08/2018,R12,23
14/08/2018,R12,28
14/08/2018,R12,28
14/08/2018,R12,27
